Metric,NumBatch,Value
Ts_Varchi,1,18.596415218841333
Ts_Varchi,2,18.889761405596786
Ts_Varchi,3,18.48322863357913
Ts_Varchi,4,18.2742935359454
Ts_Varchi,5,18.752930617123113
Ts_Varchi,6,18.646321161657706
Ts_Varchi,7,18.36795056329926
Ts_Varchi,8,19.007824499319046
Ts_Varchi,9,18.767593781553188
Ts_Varchi,10,18.984034952609633
Ts_Varchi,11,18.664309565414065
Ts_Varchi,12,18.904652387413243
Ts_Varchi,13,18.567851907850585
Ts_Varchi,14,18.795368735486974
Ts_Varchi,15,18.735224326176507
Ts_Varchi,16,19.033462122887567
Ts_Varchi,17,18.909090980075497
Ts_Varchi,18,18.916599920092672
Ts_Varchi,19,18.711476482380707
Ts_Varchi,20,18.51754942195416
Ts_Varchi,21,18.726535555990374
Ts_Varchi,22,18.925534005082266
Ts_Varchi,23,18.919420400605922
Ts_Varchi,24,18.15601688912408
Ts_Varchi,25,18.361144045771113
Ts_Varchi,26,19.30277456160216
Ts_Varchi,27,18.523918370579324
Ts_Varchi,28,18.922967190032608
Ts_Varchi,29,18.82804571926654
Ts_Varchi,30,19.013604032738336
Ts_Varchi,31,18.648931866884663
Ts_Varchi,32,18.634010356421747
Ts_Varchi,33,18.616339184746742
Ts_Varchi,34,18.98613809163971
Ts_Varchi,35,19.088056158972527
Ts_Varchi,36,19.217861279845184
Ts_Varchi,37,18.814113185311562
Ts_Varchi,38,18.76751630434694
Ts_Varchi,39,19.00775216982686
Ts_Varchi,40,18.488673692497834
Ts_Varchi,41,18.393893510876147
Ts_Varchi,42,18.83408102229118
Ts_Varchi,43,19.229806419004873
Ts_Varchi,44,18.76220686004995
Ts_Varchi,45,19.31526611962844
Ts_Varchi,46,18.834373295017954
Ts_Varchi,47,19.116716143438815
Ts_Varchi,48,19.024215035488574
Ts_Varchi,49,18.52462017976914
Ts_Varchi,50,18.51424283414747
Ts_Varchi,51,18.364106481323823
Ts_Varchi,52,18.685706821821643
Ts_Varchi,53,18.2591121418594
Ts_Varchi,54,19.143186359357735
Ts_Varchi,55,19.04278485612891
Ts_Varchi,56,19.088679074703855
Ts_Varchi,57,18.769452268051477
Ts_Varchi,58,18.588534413980582
Ts_Varchi,59,19.0081300988823
Ts_Varchi,60,18.793819570469914
Ts_Varchi,61,19.009004893804754
Ts_Varchi,62,18.364331937077157
Ts_Varchi,63,18.974012135918883
Ts_Varchi,64,18.80971982677066
Ts_Varchi,65,18.974098514985503
Ts_Varchi,66,19.294006575675493
Ts_Varchi,67,19.135540421946615
Ts_Varchi,68,18.250739524799133
Ts_Varchi,69,18.88056253763584
Ts_Varchi,70,18.502851905549566
Ts_Varchi,71,18.712828135661915
Ts_Varchi,72,18.327813337172632
Ts_Varchi,73,18.7624816556528
Ts_Varchi,74,18.73895958882543
Ts_Varchi,75,19.361459787805238
Ts_Varchi,76,18.956784262875615
Ts_Varchi,77,18.878491992633617
Ts_Varchi,78,18.950702142560882
Ts_Varchi,79,18.784838473327195
Ts_Varchi,80,19.13415361363818
Ts_Varchi,81,18.96348684585526
Ts_Varchi,82,18.689321472677747
Ts_Varchi,83,18.942287389035723
Ts_Varchi,84,19.042692681493914
Ts_Varchi,85,18.992113782845962
Ts_Varchi,86,18.98412798176761
Ts_Varchi,87,19.02035013515248
Ts_Varchi,88,18.57161411477988
Ts_Varchi,89,19.215902901665068
Ts_Varchi,90,18.518084235489475
Ts_Varchi,91,18.58176803621636
Ts_Varchi,92,19.086261397260305
Ts_Varchi,93,18.617766167546183
Ts_Varchi,94,19.42042971970287
Ts_Varchi,95,18.7866701048137
Ts_Varchi,96,18.503586810549905
Tq_Varchi,1,3.626153144177598
Tq_Varchi,2,3.886376047882754
Tq_Varchi,3,3.465812684560418
Tq_Varchi,4,3.4216174118699607
Tq_Varchi,5,3.5825269677574814
Tq_Varchi,6,3.7599671551915823
Tq_Varchi,7,3.4387019432330788
Tq_Varchi,8,3.9894887742218144
Tq_Varchi,9,3.703311905441604
Tq_Varchi,10,3.8084467657002334
Tq_Varchi,11,3.792761487746827
Tq_Varchi,12,3.8564209791266837
Tq_Varchi,13,3.7211412740396117
Tq_Varchi,14,3.8703683074427797
Tq_Varchi,15,3.606733533035559
Tq_Varchi,16,3.994782908173597
Tq_Varchi,17,3.7620431111225536
Tq_Varchi,18,3.760634405395537
Tq_Varchi,19,3.7580081198506274
Tq_Varchi,20,3.4190626656262286
Tq_Varchi,21,3.6925319396468628
Tq_Varchi,22,3.879254383407485
Tq_Varchi,23,3.824072993556634
Tq_Varchi,24,3.3681407049296133
Tq_Varchi,25,3.4105337875253623
Tq_Varchi,26,4.21062887632196
Tq_Varchi,27,3.6072412916160514
Tq_Varchi,28,3.8682296533867313
Tq_Varchi,29,3.837256478185871
Tq_Varchi,30,3.9856990041907583
Tq_Varchi,31,3.757535751408249
Tq_Varchi,32,3.6844391169960407
Tq_Varchi,33,3.6820448475464085
Tq_Varchi,34,3.966794206652062
Tq_Varchi,35,4.031402902800317
Tq_Varchi,36,4.059511335455179
Tq_Varchi,37,3.826833323657662
Tq_Varchi,38,3.8133621505438695
Tq_Varchi,39,3.978088740056734
Tq_Varchi,40,3.552210207968729
Tq_Varchi,41,3.387454014877019
Tq_Varchi,42,3.8114397958133917
Tq_Varchi,43,4.166835276034784
Tq_Varchi,44,3.719018752846387
Tq_Varchi,45,4.116993263174637
Tq_Varchi,46,3.909603316568193
Tq_Varchi,47,3.931625293278087
Tq_Varchi,48,4.147390484668237
Tq_Varchi,49,3.4967921262301
Tq_Varchi,50,3.5905242525647365
Tq_Varchi,51,3.464722494852823
Tq_Varchi,52,3.7502312906886623
Tq_Varchi,53,3.3437492106702176
Tq_Varchi,54,4.0715746293375785
Tq_Varchi,55,3.90936797158906
Tq_Varchi,56,4.193693050618919
Tq_Varchi,57,3.853771854003801
Tq_Varchi,58,3.5371425997127264
Tq_Varchi,59,3.9378641051613807
Tq_Varchi,60,3.8526622476647447
Tq_Varchi,61,3.857276436770917
Tq_Varchi,62,3.4450746242726518
Tq_Varchi,63,4.031310735697022
Tq_Varchi,64,3.8409643085548497
Tq_Varchi,65,4.050208875584195
Tq_Varchi,66,4.310618465050233
Tq_Varchi,67,3.973019496254791
Tq_Varchi,68,3.3117612861890207
Tq_Varchi,69,3.680122308279776
Tq_Varchi,70,3.4563681467915255
Tq_Varchi,71,3.61469534715419
Tq_Varchi,72,3.358131277816569
Tq_Varchi,73,3.7352575038637346
Tq_Varchi,74,3.7573409372534283
Tq_Varchi,75,4.418506987280267
Tq_Varchi,76,3.8607633474640015
Tq_Varchi,77,3.7591579497486425
Tq_Varchi,78,3.893993770310947
Tq_Varchi,79,3.7863066280606694
Tq_Varchi,80,4.06116048854607
Tq_Varchi,81,3.9469033557212376
Tq_Varchi,82,3.6393026432468694
Tq_Varchi,83,3.8890715453174662
Tq_Varchi,84,4.0660294531757
Tq_Varchi,85,3.9154364838434823
Tq_Varchi,86,3.930123124788554
Tq_Varchi,87,3.9707941317791766
Tq_Varchi,88,3.5186851415314915
Tq_Varchi,89,4.193925783723696
Tq_Varchi,90,3.556642010559452
Tq_Varchi,91,3.564384775514004
Tq_Varchi,92,4.067784966452606
Tq_Varchi,93,3.550536799976444
Tq_Varchi,94,4.394648643576576
Tq_Varchi,95,3.7660233591500054
Tq_Varchi,96,3.417774226649992
Ns_XRay,1,569.4411783881874
Ns_XRay,2,631.8456783669197
Ns_XRay,3,684.2276971409298
Ns_XRay,4,727.6354132442008
Ns_XRay,5,761.594636160613
Ns_XRay,6,847.9810077861667
Ns_XRay,7,921.2886992941628
Ns_XRay,8,957.0261162326212
Ns_XRay,9,1017.7588566892656
Ns_XRay,10,1106.1671359027487
Ns_XRay,11,1193.9467985394206
Ns_XRay,12,1264.82820545043
Ns_XRay,13,1333.3125149715502
Ns_XRay,14,1392.8404679986827
Ns_XRay,15,1489.9832330106276
Ns_XRay,16,1576.4144555021053
Ns_XRay,17,1644.472931770543
Ns_XRay,18,1706.3570444369518
Ns_XRay,19,1726.883685153092
Ns_XRay,20,1776.0056132622772
Ns_XRay,21,1876.0462999749116
Ns_XRay,22,1962.4612958574191
Ns_XRay,23,2003.4990578144634
Ns_XRay,24,2048.2019202259407
Ns_XRay,25,2115.714600162633
Ns_XRay,26,2230.431289121871
Ns_XRay,27,2330.481917485685
Ns_XRay,28,2412.651700224215
Ns_XRay,29,2495.787721859233
Ns_XRay,30,2562.5326627018635
Ns_XRay,31,2628.222243975802
Ns_XRay,32,2713.089720249119
Ns_XRay,33,2784.180126182585
Ns_XRay,34,2880.18287750592
Ns_XRay,35,2988.6446400120785
Ns_XRay,36,3097.2700542022108
Ns_XRay,37,3187.423846976331
Ns_XRay,38,3254.6256353325643
Ns_XRay,39,3258.7912920293443
Ns_XRay,40,3360.8727486431662
Ns_XRay,41,3482.619486832185
Ns_XRay,42,3614.2111993056737
Ns_XRay,43,3729.375117807592
Ns_XRay,44,3817.371561906868
Ns_XRay,45,3960.981940964144
Ns_XRay,46,4075.2121791308855
Ns_XRay,47,4145.1938142320005
Ns_XRay,48,4208.590446773507
Ns_XRay,49,4258.479471869406
Ns_XRay,50,4312.298961872083
Ns_XRay,51,4396.324543088341
Ns_XRay,52,4515.758126062517
Ns_XRay,53,4647.393652679241
Ns_XRay,54,4722.296188732593
Ns_XRay,55,4764.817733335973
Ns_XRay,56,4823.697961674725
Ns_XRay,57,4922.92407814595
Ns_XRay,58,4970.2468273296845
Ns_XRay,59,5007.804514780765
Ns_XRay,60,5078.675269608885
Ns_XRay,61,5197.813411198963
Ns_XRay,62,5300.969440732726
Ns_XRay,63,5367.749593498072
Ns_XRay,64,5408.134182141084
Ns_XRay,65,5437.701959419466
Ns_XRay,66,5482.7539784235505
Ns_XRay,67,5545.849039902953
Ns_XRay,68,5537.512771502144
Ns_XRay,69,5586.913610332417
Ns_XRay,70,5663.19860288569
Ns_XRay,71,5782.6587266517945
Ns_XRay,72,5854.5168849224365
Ns_XRay,73,5934.925306932587
Ns_XRay,74,5969.033482694928
Ns_XRay,75,6064.950306922797
Ns_XRay,76,6121.352368238622
Ns_XRay,77,6195.571960556144
Ns_XRay,78,6283.857991411883
Ns_XRay,79,6338.260911567256
Ns_XRay,80,6378.752538493393
Ns_XRay,81,6462.985340380851
Ns_XRay,82,6564.387941906317
Ns_XRay,83,6656.51256045781
Ns_XRay,84,6754.456229777462
Ns_XRay,85,6806.812688999448
Ns_XRay,86,6894.493819481513
Ns_XRay,87,6983.970710923448
Ns_XRay,88,7111.673197579296
Ns_XRay,89,7244.630246985957
Ns_XRay,90,7311.808447272479
Ns_XRay,91,7429.305335618095
Ns_XRay,92,7504.679524251601
Ns_XRay,93,7607.892252282887
Ns_XRay,94,7659.128170425255
Ns_XRay,95,7729.316057959627
Ns_XRay,96,7851.118590490582
X_CheckIn,1,5.381781316818775
X_CheckIn,2,5.286055391061847
X_CheckIn,3,5.635246383886511
X_CheckIn,4,5.52148696396968
X_CheckIn,5,5.517833114258675
X_CheckIn,6,5.263300891345157
X_CheckIn,7,5.645974504415861
X_CheckIn,8,5.4988891741667265
X_CheckIn,9,5.563553911485829
X_CheckIn,10,5.252321119711579
X_CheckIn,11,5.5755581946987895
X_CheckIn,12,5.5522831990768795
X_CheckIn,13,5.381524400131079
X_CheckIn,14,5.45838178292274
X_CheckIn,15,5.465245113539847
X_CheckIn,16,5.42512408119864
X_CheckIn,17,5.487768058052484
X_CheckIn,18,5.633976961404975
X_CheckIn,19,5.868964889912626
X_CheckIn,20,5.532786732676799
X_CheckIn,21,5.5925975140039395
X_CheckIn,22,5.584615598863324
X_CheckIn,23,5.394968884825822
X_CheckIn,24,5.369391242646031
X_CheckIn,25,5.518060281091875
X_CheckIn,26,5.71536118070743
X_CheckIn,27,5.114523459732221
X_CheckIn,28,5.337594594132736
X_CheckIn,29,5.353162436516073
X_CheckIn,30,5.517939136648563
X_CheckIn,31,5.36000969376696
X_CheckIn,32,5.385060711490884
X_CheckIn,33,5.353458348005723
X_CheckIn,34,5.465343379237032
X_CheckIn,35,5.313507020886193
X_CheckIn,36,5.371950295019914
X_CheckIn,37,5.603726235368687
X_CheckIn,38,5.501673131146066
X_CheckIn,39,5.569348884234035
X_CheckIn,40,5.548321072531222
X_CheckIn,41,5.446644589381738
X_CheckIn,42,5.710636142025316
X_CheckIn,43,5.405104513352163
X_CheckIn,44,5.796864983024673
X_CheckIn,45,5.113019525048707
X_CheckIn,46,5.498169577404984
X_CheckIn,47,5.409373565761437
X_CheckIn,48,5.334504068312569
X_CheckIn,49,5.425670879220115
X_CheckIn,50,5.48513936200082
X_CheckIn,51,5.203042311246252
X_CheckIn,52,5.235497167149255
X_CheckIn,53,5.407849868684553
X_CheckIn,54,5.409761871707079
X_CheckIn,55,5.826398823819973
X_CheckIn,56,5.66672269498618
X_CheckIn,57,5.462992160453885
X_CheckIn,58,5.337586238280949
X_CheckIn,59,5.647298110564951
X_CheckIn,60,5.661010266457963
X_CheckIn,61,5.439006412255383
X_CheckIn,62,5.538772476346672
X_CheckIn,63,5.416594869144364
X_CheckIn,64,5.459838041803386
X_CheckIn,65,5.311380022080838
X_CheckIn,66,5.397824779174444
X_CheckIn,67,5.306793635178583
X_CheckIn,68,5.490951132076684
X_CheckIn,69,5.65822130762466
X_CheckIn,70,5.3394060898254585
X_CheckIn,71,5.137301544084684
X_CheckIn,72,5.629237925384832
X_CheckIn,73,5.378578132592894
X_CheckIn,74,5.860583558910233
X_CheckIn,75,5.507259035415132
X_CheckIn,76,5.269396790979813
X_CheckIn,77,5.468627445448589
X_CheckIn,78,5.489862254298806
X_CheckIn,79,5.52162375699278
X_CheckIn,80,5.738609247366317
X_CheckIn,81,5.221667583315731
X_CheckIn,82,5.491426179363737
X_CheckIn,83,5.282394930895871
X_CheckIn,84,5.601991685474826
X_CheckIn,85,5.223198853248788
X_CheckIn,86,5.6570478754095035
X_CheckIn,87,5.481096612859519
X_CheckIn,88,5.745782992320157
X_CheckIn,89,5.51413762085703
X_CheckIn,90,5.3475956181160385
X_CheckIn,91,5.317806544398499
X_CheckIn,92,5.299100079746372
X_CheckIn,93,5.701021857551939
X_CheckIn,94,5.519594861488017
X_CheckIn,95,5.618265014830814
X_CheckIn,96,5.307479143019454
Ns_Recupero,1,15.933595970099226
Ns_Recupero,2,15.60446332960638
Ns_Recupero,3,15.686201349736029
Ns_Recupero,4,15.923619345713032
Ns_Recupero,5,15.893870230574047
Ns_Recupero,6,15.70399475586259
Ns_Recupero,7,15.813747574683449
Ns_Recupero,8,15.781566071965555
Ns_Recupero,9,15.858947012366494
Ns_Recupero,10,16.08557252406869
Ns_Recupero,11,15.319095461457396
Ns_Recupero,12,15.837462326035222
Ns_Recupero,13,16.068757073802995
Ns_Recupero,14,15.19816046825113
Ns_Recupero,15,15.658814205462669
Ns_Recupero,16,16.05784036560115
Ns_Recupero,17,16.024321195942214
Ns_Recupero,18,15.98089867000431
Ns_Recupero,19,16.00512425780879
Ns_Recupero,20,15.545770900844326
Ns_Recupero,21,15.755473579122405
Ns_Recupero,22,15.780356930211592
Ns_Recupero,23,15.898342803911998
Ns_Recupero,24,15.864940360459066
Ns_Recupero,25,15.990781279452403
Ns_Recupero,26,15.817360321664728
Ns_Recupero,27,15.906726254235442
Ns_Recupero,28,15.455985062423592
Ns_Recupero,29,15.615293529024068
Ns_Recupero,30,16.01865859319383
Ns_Recupero,31,15.694112933000417
Ns_Recupero,32,15.874374849266337
Ns_Recupero,33,15.405503112152092
Ns_Recupero,34,15.80263018550744
Ns_Recupero,35,15.69235216667276
Ns_Recupero,36,16.150689807668357
Ns_Recupero,37,16.005867072187232
Ns_Recupero,38,16.386471647390124
Ns_Recupero,39,15.637703088620201
Ns_Recupero,40,15.628558972501496
Ns_Recupero,41,15.722135099257253
Ns_Recupero,42,15.67390080418809
Ns_Recupero,43,15.805910031689214
Ns_Recupero,44,15.923982666502525
Ns_Recupero,45,15.889513036571724
Ns_Recupero,46,15.54422151419071
Ns_Recupero,47,15.754479396280013
Ns_Recupero,48,15.654984427274707
Ns_Recupero,49,16.043743795137363
Ns_Recupero,50,15.78269119482659
Ns_Recupero,51,15.79019682333235
Ns_Recupero,52,15.516005759615565
Ns_Recupero,53,15.698322113704734
Ns_Recupero,54,15.682590397893113
Ns_Recupero,55,15.885558910307308
Ns_Recupero,56,15.784133509566928
Ns_Recupero,57,15.936878765132002
Ns_Recupero,58,15.874869407028832
Ns_Recupero,59,15.66079978974836
Ns_Recupero,60,15.60456546818776
Ns_Recupero,61,16.13294671707531
Ns_Recupero,62,16.202420266560203
Ns_Recupero,63,15.970542950323699
Ns_Recupero,64,15.85108749561867
Ns_Recupero,65,15.830368417187568
Ns_Recupero,66,15.591642078886878
Ns_Recupero,67,15.973191256788521
Ns_Recupero,68,16.117414302572325
Ns_Recupero,69,15.781739804988295
Ns_Recupero,70,15.688688010317007
Ns_Recupero,71,15.942262440457258
Ns_Recupero,72,15.60171268469218
Ns_Recupero,73,15.991702930045117
Ns_Recupero,74,16.194745334834376
Ns_Recupero,75,15.695406418370904
Ns_Recupero,76,15.872218136154208
Ns_Recupero,77,15.642301772745538
Ns_Recupero,78,15.311523412397595
Ns_Recupero,79,15.867884290520703
Ns_Recupero,80,16.170501740205385
Ns_Recupero,81,15.715687131815582
Ns_Recupero,82,15.654809964709914
Ns_Recupero,83,15.79668644430314
Ns_Recupero,84,15.681591057587488
Ns_Recupero,85,16.017199898039507
Ns_Recupero,86,15.407307852107035
Ns_Recupero,87,16.005595212855148
Ns_Recupero,88,15.696283409453873
Ns_Recupero,89,15.682652921483959
Ns_Recupero,90,15.792019326340544
Ns_Recupero,91,15.706036698694012
Ns_Recupero,92,15.811383215848386
Ns_Recupero,93,16.05708494083718
Ns_Recupero,94,15.868826503207547
Ns_Recupero,95,15.729104252432975
Ns_Recupero,96,15.86643831139144
Nq_CheckIn,1,0.2554282026950244
Nq_CheckIn,2,0.2762432770714347
Nq_CheckIn,3,0.42204798994400045
Nq_CheckIn,4,0.19654306041453196
Nq_CheckIn,5,0.2619418975112773
Nq_CheckIn,6,0.30202787088970756
Nq_CheckIn,7,0.32646817898104324
Nq_CheckIn,8,0.3658182117650834
Nq_CheckIn,9,0.25917168856598227
Nq_CheckIn,10,0.22761486330141428
Nq_CheckIn,11,0.4861696567416101
Nq_CheckIn,12,0.2446042513830634
Nq_CheckIn,13,0.2732003384464912
Nq_CheckIn,14,0.24367949584470988
Nq_CheckIn,15,0.5023420451367715
Nq_CheckIn,16,0.3151257130585343
Nq_CheckIn,17,0.27222233813339664
Nq_CheckIn,18,0.26219150953356485
Nq_CheckIn,19,0.35995674973191666
Nq_CheckIn,20,0.3256925546454633
Nq_CheckIn,21,0.3553411601303532
Nq_CheckIn,22,0.3688519760271661
Nq_CheckIn,23,0.26723687348527886
Nq_CheckIn,24,0.22471917358303103
Nq_CheckIn,25,0.3228055619260745
Nq_CheckIn,26,0.40972641185016395
Nq_CheckIn,27,0.16108300498084002
Nq_CheckIn,28,0.24253076840578325
Nq_CheckIn,29,0.15848798719864013
Nq_CheckIn,30,0.3365781841223152
Nq_CheckIn,31,0.21774607083425238
Nq_CheckIn,32,0.23412413271067775
Nq_CheckIn,33,0.22375333761606014
Nq_CheckIn,34,0.3122286008320428
Nq_CheckIn,35,0.17325574357189266
Nq_CheckIn,36,0.23049183674386134
Nq_CheckIn,37,0.3024917336129416
Nq_CheckIn,38,0.25698139587245694
Nq_CheckIn,39,0.3296147365476014
Nq_CheckIn,40,0.36201093907875903
Nq_CheckIn,41,0.28506554702218667
Nq_CheckIn,42,0.5706268995761461
Nq_CheckIn,43,0.2717910838931698
Nq_CheckIn,44,0.3908257424194357
Nq_CheckIn,45,0.14301765296799623
Nq_CheckIn,46,0.2655935043013891
Nq_CheckIn,47,0.21582225032189925
Nq_CheckIn,48,0.1903259303146292
Nq_CheckIn,49,0.2160759686360211
Nq_CheckIn,50,0.31808243855365886
Nq_CheckIn,51,0.3221719831249672
Nq_CheckIn,52,0.3116898999050297
Nq_CheckIn,53,0.36370519690434344
Nq_CheckIn,54,0.3314628929221509
Nq_CheckIn,55,0.45336485141919053
Nq_CheckIn,56,0.28718767060628964
Nq_CheckIn,57,0.2663925081478275
Nq_CheckIn,58,0.49112667393569776
Nq_CheckIn,59,0.4026859810952707
Nq_CheckIn,60,0.3413689578278864
Nq_CheckIn,61,0.23619460100444759
Nq_CheckIn,62,0.38521934219828263
Nq_CheckIn,63,0.2571490637842084
Nq_CheckIn,64,0.3531765170818178
Nq_CheckIn,65,0.22923628136119903
Nq_CheckIn,66,0.29213999165383686
Nq_CheckIn,67,0.24346369012606756
Nq_CheckIn,68,0.26742347639970554
Nq_CheckIn,69,0.2568035745643841
Nq_CheckIn,70,0.2610960765756665
Nq_CheckIn,71,0.2645778511565393
Nq_CheckIn,72,0.283287709714539
Nq_CheckIn,73,0.17064457437690755
Nq_CheckIn,74,0.5037240848763944
Nq_CheckIn,75,0.28043121654002756
Nq_CheckIn,76,0.2367580013854604
Nq_CheckIn,77,0.4255274872270728
Nq_CheckIn,78,0.3999530600296408
Nq_CheckIn,79,0.3159952630246873
Nq_CheckIn,80,0.42316599379167774
Nq_CheckIn,81,0.17716776076334806
Nq_CheckIn,82,0.43957180279219826
Nq_CheckIn,83,0.2284537796758786
Nq_CheckIn,84,0.25808659926412597
Nq_CheckIn,85,0.2704267077586547
Nq_CheckIn,86,0.31220140312664474
Nq_CheckIn,87,0.21076027187096327
Nq_CheckIn,88,0.36224613428948116
Nq_CheckIn,89,0.47377097337918367
Nq_CheckIn,90,0.238595529916841
Nq_CheckIn,91,0.17215093529878117
Nq_CheckIn,92,0.3095651141525179
Nq_CheckIn,93,0.521359882823349
Nq_CheckIn,94,0.22646942871358344
Nq_CheckIn,95,0.33313799459915805
Nq_CheckIn,96,0.27440684950144484
X_Recupero,1,15.933595970099226
X_Recupero,2,15.60446332960638
X_Recupero,3,15.686201349736029
X_Recupero,4,15.923619345713032
X_Recupero,5,15.893870230574047
X_Recupero,6,15.70399475586259
X_Recupero,7,15.813747574683449
X_Recupero,8,15.781566071965555
X_Recupero,9,15.858947012366494
X_Recupero,10,16.08557252406869
X_Recupero,11,15.319095461457396
X_Recupero,12,15.837462326035222
X_Recupero,13,16.068757073802995
X_Recupero,14,15.19816046825113
X_Recupero,15,15.658814205462669
X_Recupero,16,16.05784036560115
X_Recupero,17,16.024321195942214
X_Recupero,18,15.98089867000431
X_Recupero,19,16.00512425780879
X_Recupero,20,15.545770900844326
X_Recupero,21,15.755473579122405
X_Recupero,22,15.780356930211592
X_Recupero,23,15.898342803911998
X_Recupero,24,15.864940360459066
X_Recupero,25,15.990781279452403
X_Recupero,26,15.817360321664728
X_Recupero,27,15.906726254235442
X_Recupero,28,15.455985062423592
X_Recupero,29,15.615293529024068
X_Recupero,30,16.01865859319383
X_Recupero,31,15.694112933000417
X_Recupero,32,15.874374849266337
X_Recupero,33,15.405503112152092
X_Recupero,34,15.80263018550744
X_Recupero,35,15.69235216667276
X_Recupero,36,16.150689807668357
X_Recupero,37,16.005867072187232
X_Recupero,38,16.386471647390124
X_Recupero,39,15.637703088620201
X_Recupero,40,15.628558972501496
X_Recupero,41,15.722135099257253
X_Recupero,42,15.67390080418809
X_Recupero,43,15.805910031689214
X_Recupero,44,15.923982666502525
X_Recupero,45,15.889513036571724
X_Recupero,46,15.54422151419071
X_Recupero,47,15.754479396280013
X_Recupero,48,15.654984427274707
X_Recupero,49,16.043743795137363
X_Recupero,50,15.78269119482659
X_Recupero,51,15.79019682333235
X_Recupero,52,15.516005759615565
X_Recupero,53,15.698322113704734
X_Recupero,54,15.682590397893113
X_Recupero,55,15.885558910307308
X_Recupero,56,15.784133509566928
X_Recupero,57,15.936878765132002
X_Recupero,58,15.874869407028832
X_Recupero,59,15.66079978974836
X_Recupero,60,15.60456546818776
X_Recupero,61,16.13294671707531
X_Recupero,62,16.202420266560203
X_Recupero,63,15.970542950323699
X_Recupero,64,15.85108749561867
X_Recupero,65,15.830368417187568
X_Recupero,66,15.591642078886878
X_Recupero,67,15.973191256788521
X_Recupero,68,16.117414302572325
X_Recupero,69,15.781739804988295
X_Recupero,70,15.688688010317007
X_Recupero,71,15.942262440457258
X_Recupero,72,15.60171268469218
X_Recupero,73,15.991702930045117
X_Recupero,74,16.194745334834376
X_Recupero,75,15.695406418370904
X_Recupero,76,15.872218136154208
X_Recupero,77,15.642301772745538
X_Recupero,78,15.311523412397595
X_Recupero,79,15.867884290520703
X_Recupero,80,16.170501740205385
X_Recupero,81,15.715687131815582
X_Recupero,82,15.654809964709914
X_Recupero,83,15.79668644430314
X_Recupero,84,15.681591057587488
X_Recupero,85,16.017199898039507
X_Recupero,86,15.407307852107035
X_Recupero,87,16.005595212855148
X_Recupero,88,15.696283409453873
X_Recupero,89,15.682652921483959
X_Recupero,90,15.792019326340544
X_Recupero,91,15.706036698694012
X_Recupero,92,15.811383215848386
X_Recupero,93,16.05708494083718
X_Recupero,94,15.868826503207547
X_Recupero,95,15.729104252432975
X_Recupero,96,15.86643831139144
Ns_TraceDetection,1,2.2105813637291383
Ns_TraceDetection,2,1.727584334565695
Ns_TraceDetection,3,2.2578303513526086
Ns_TraceDetection,4,2.1206594544613155
Ns_TraceDetection,5,1.9353870594568403
Ns_TraceDetection,6,2.421667165365484
Ns_TraceDetection,7,2.4993906087907467
Ns_TraceDetection,8,2.2653894975343043
Ns_TraceDetection,9,1.7546423754919906
Ns_TraceDetection,10,1.8432335509561295
Ns_TraceDetection,11,2.985698740775969
Ns_TraceDetection,12,1.7751544189505828
Ns_TraceDetection,13,2.2110232722402055
Ns_TraceDetection,14,2.1160997612026726
Ns_TraceDetection,15,2.0664480891194756
Ns_TraceDetection,16,2.352953935669239
Ns_TraceDetection,17,2.7106613503864265
Ns_TraceDetection,18,1.865734359316522
Ns_TraceDetection,19,2.704773269994877
Ns_TraceDetection,20,2.4828456610082563
Ns_TraceDetection,21,2.091817748122113
Ns_TraceDetection,22,1.9335598174520319
Ns_TraceDetection,23,2.293309712389886
Ns_TraceDetection,24,1.7672686711654995
Ns_TraceDetection,25,1.8881856596684317
Ns_TraceDetection,26,1.9507486193536492
Ns_TraceDetection,27,2.0029854120284747
Ns_TraceDetection,28,1.8596574374545884
Ns_TraceDetection,29,2.1989412210796706
Ns_TraceDetection,30,2.073214801198906
Ns_TraceDetection,31,2.3791825147866486
Ns_TraceDetection,32,1.5755713682972496
Ns_TraceDetection,33,2.394568939378114
Ns_TraceDetection,34,1.9183178362111393
Ns_TraceDetection,35,2.013248951831254
Ns_TraceDetection,36,1.683695197461375
Ns_TraceDetection,37,1.8541038007644588
Ns_TraceDetection,38,2.0985243736626775
Ns_TraceDetection,39,2.0398112135298567
Ns_TraceDetection,40,1.8175907124649562
Ns_TraceDetection,41,2.819755148074356
Ns_TraceDetection,42,1.9881052594311868
Ns_TraceDetection,43,2.074191798817416
Ns_TraceDetection,44,3.0740034848741056
Ns_TraceDetection,45,2.314499165036695
Ns_TraceDetection,46,1.8572928141892264
Ns_TraceDetection,47,2.7293930530031774
Ns_TraceDetection,48,3.2236486729877787
Ns_TraceDetection,49,2.0408106278640434
Ns_TraceDetection,50,2.251359018004155
Ns_TraceDetection,51,2.5716061218780792
Ns_TraceDetection,52,2.111817999538458
Ns_TraceDetection,53,1.4960466825781626
Ns_TraceDetection,54,2.3980368283129683
Ns_TraceDetection,55,2.0636118909159675
Ns_TraceDetection,56,2.150354366731503
Ns_TraceDetection,57,1.9841677999958267
Ns_TraceDetection,58,2.1020418052841676
Ns_TraceDetection,59,1.9821817432852802
Ns_TraceDetection,60,3.033167100284986
Ns_TraceDetection,61,2.0455531657567305
Ns_TraceDetection,62,1.8714765362904362
Ns_TraceDetection,63,2.0393953479250384
Ns_TraceDetection,64,2.8995358566770357
Ns_TraceDetection,65,1.9388803426596177
Ns_TraceDetection,66,1.7520744917199245
Ns_TraceDetection,67,1.9219500989116969
Ns_TraceDetection,68,2.2795267610903838
Ns_TraceDetection,69,1.9691064082463676
Ns_TraceDetection,70,1.8531465984461668
Ns_TraceDetection,71,1.8035371507841342
Ns_TraceDetection,72,2.527229853718262
Ns_TraceDetection,73,2.4290991671365147
Ns_TraceDetection,74,1.8091544775894448
Ns_TraceDetection,75,1.7042812186305234
Ns_TraceDetection,76,1.709152894109606
Ns_TraceDetection,77,2.2220892460658828
Ns_TraceDetection,78,2.320292652225488
Ns_TraceDetection,79,2.6898804353248007
Ns_TraceDetection,80,2.1524108250039315
Ns_TraceDetection,81,2.257159292777756
Ns_TraceDetection,82,2.177556313225693
Ns_TraceDetection,83,1.9703612916191044
Ns_TraceDetection,84,2.087637762301206
Ns_TraceDetection,85,2.3516278948161387
Ns_TraceDetection,86,2.0223100877347706
Ns_TraceDetection,87,2.33950644963326
Ns_TraceDetection,88,1.8249859084310882
Ns_TraceDetection,89,2.6621921070184436
Ns_TraceDetection,90,1.7965275665782954
Ns_TraceDetection,91,1.6050220349111044
Ns_TraceDetection,92,1.9188633773528536
Ns_TraceDetection,93,2.3209873756666166
Ns_TraceDetection,94,2.2373387999756447
Ns_TraceDetection,95,1.6475162803693757
Ns_TraceDetection,96,2.013598632086072
Nq_XRay,1,563.4411783881877
Nq_XRay,2,625.8456783669209
Nq_XRay,3,678.227697140932
Nq_XRay,4,721.6354132442
Nq_XRay,5,755.5946361606116
Nq_XRay,6,841.9810077861684
Nq_XRay,7,915.2886992941611
Nq_XRay,8,951.026116232623
Nq_XRay,9,1011.7588566892651
Nq_XRay,10,1100.1671359027487
Nq_XRay,11,1187.9467985394162
Nq_XRay,12,1258.828205450432
Nq_XRay,13,1327.3125149715506
Nq_XRay,14,1386.84046799868
Nq_XRay,15,1483.983233010631
Nq_XRay,16,1570.4144555021037
Nq_XRay,17,1638.472931770543
Nq_XRay,18,1700.3570444369498
Nq_XRay,19,1720.883685153094
Nq_XRay,20,1770.0056132622772
Nq_XRay,21,1870.0462999749152
Nq_XRay,22,1956.4612958574196
Nq_XRay,23,1997.499057814467
Nq_XRay,24,2042.2019202259426
Nq_XRay,25,2109.7146001626347
Nq_XRay,26,2224.4312891218683
Nq_XRay,27,2324.481917485687
Nq_XRay,28,2406.6517002242085
Nq_XRay,29,2489.7877218592325
Nq_XRay,30,2556.532662701866
Nq_XRay,31,2622.222243975805
Nq_XRay,32,2707.0897202491274
Nq_XRay,33,2778.1801261825926
Nq_XRay,34,2874.1828775059143
Nq_XRay,35,2982.644640012079
Nq_XRay,36,3091.2700542022058
Nq_XRay,37,3181.423846976334
Nq_XRay,38,3248.625635332558
Nq_XRay,39,3252.7912920293393
Nq_XRay,40,3354.8727486431717
Nq_XRay,41,3476.6194868321772
Nq_XRay,42,3608.2111993056683
Nq_XRay,43,3723.375117807589
Nq_XRay,44,3811.371561906866
Nq_XRay,45,3954.9819409641354
Nq_XRay,46,4069.212179130882
Nq_XRay,47,4139.193814232006
Nq_XRay,48,4202.5904467735
Nq_XRay,49,4252.47947186941
Nq_XRay,50,4306.298961872096
Nq_XRay,51,4390.324543088341
Nq_XRay,52,4509.7581260625075
Nq_XRay,53,4641.393652679243
Nq_XRay,54,4716.29618873259
Nq_XRay,55,4758.8177333359545
Nq_XRay,56,4817.697961674736
Nq_XRay,57,4916.924078145957
Nq_XRay,58,4964.2468273297045
Nq_XRay,59,5001.804514780755
Nq_XRay,60,5072.6752696088815
Nq_XRay,61,5191.813411198967
Nq_XRay,62,5294.969440732728
Nq_XRay,63,5361.749593498065
Nq_XRay,64,5402.1341821410815
Nq_XRay,65,5431.701959419465
Nq_XRay,66,5476.753978423563
Nq_XRay,67,5539.849039902942
Nq_XRay,68,5531.512771502155
Nq_XRay,69,5580.913610332422
Nq_XRay,70,5657.19860288567
Nq_XRay,71,5776.658726651814
Nq_XRay,72,5848.516884922449
Nq_XRay,73,5928.925306932586
Nq_XRay,74,5963.033482694925
Nq_XRay,75,6058.950306922787
Nq_XRay,76,6115.352368238639
Nq_XRay,77,6189.571960556145
Nq_XRay,78,6277.857991411882
Nq_XRay,79,6332.26091156726
Nq_XRay,80,6372.752538493406
Nq_XRay,81,6456.985340380828
Nq_XRay,82,6558.387941906312
Nq_XRay,83,6650.512560457823
Nq_XRay,84,6748.456229777469
Nq_XRay,85,6800.812688999471
Nq_XRay,86,6888.493819481509
Nq_XRay,87,6977.970710923452
Nq_XRay,88,7105.673197579315
Nq_XRay,89,7238.630246985934
Nq_XRay,90,7305.808447272482
Nq_XRay,91,7423.305335618089
Nq_XRay,92,7498.679524251604
Nq_XRay,93,7601.892252282871
Nq_XRay,94,7653.12817042523
Nq_XRay,95,7723.316057959633
Nq_XRay,96,7845.118590490585
Ts_CheckIn,1,109.40274749550652
Ts_CheckIn,2,109.14085692405655
Ts_CheckIn,3,114.35993685591502
Ts_CheckIn,4,108.36080331317226
Ts_CheckIn,5,111.0785821771186
Ts_CheckIn,6,110.48284208471607
Ts_CheckIn,7,111.62812062643874
Ts_CheckIn,8,112.76554998926362
Ts_CheckIn,9,110.00996723533466
Ts_CheckIn,10,108.93263888493347
Ts_CheckIn,11,114.80846147053737
Ts_CheckIn,12,108.72399238523401
Ts_CheckIn,13,109.45168567770813
Ts_CheckIn,14,109.07379980620753
Ts_CheckIn,15,115.64342667825544
Ts_CheckIn,16,110.39313169377931
Ts_CheckIn,17,109.84505015865514
Ts_CheckIn,18,109.36084774067572
Ts_CheckIn,19,111.94235670241846
Ts_CheckIn,20,110.6129643180337
Ts_CheckIn,21,110.85000107238669
Ts_CheckIn,22,110.7425297569413
Ts_CheckIn,23,110.30519529605199
Ts_CheckIn,24,108.9485044340976
Ts_CheckIn,25,109.65398791210275
Ts_CheckIn,26,110.66960495394025
Ts_CheckIn,27,108.22594876387038
Ts_CheckIn,28,109.83404152949645
Ts_CheckIn,29,108.13295079926255
Ts_CheckIn,30,110.62520385442164
Ts_CheckIn,31,108.13465694671463
Ts_CheckIn,32,109.91455322678526
Ts_CheckIn,33,108.47307563616152
Ts_CheckIn,34,110.35424442982638
Ts_CheckIn,35,108.08229974858664
Ts_CheckIn,36,107.31939353883736
Ts_CheckIn,37,110.81815260803495
Ts_CheckIn,38,109.50422573726466
Ts_CheckIn,39,111.41771831847544
Ts_CheckIn,40,111.96558854610387
Ts_CheckIn,41,109.852205143733
Ts_CheckIn,42,115.83977653984857
Ts_CheckIn,43,110.24362780384222
Ts_CheckIn,44,112.27607653247973
Ts_CheckIn,45,107.80278310814896
Ts_CheckIn,46,110.31399323609895
Ts_CheckIn,47,110.86539863049737
Ts_CheckIn,48,108.48978455314969
Ts_CheckIn,49,109.4122737371615
Ts_CheckIn,50,111.23134228888235
Ts_CheckIn,51,112.40309265157923
Ts_CheckIn,52,111.3622918768717
Ts_CheckIn,53,110.57923531185456
Ts_CheckIn,54,111.11335831466928
Ts_CheckIn,55,113.2991215487513
Ts_CheckIn,56,110.45996331808338
Ts_CheckIn,57,108.91384137318646
Ts_CheckIn,58,115.20092206150983
Ts_CheckIn,59,112.04537558888184
Ts_CheckIn,60,110.04236399758935
Ts_CheckIn,61,109.68246492702251
Ts_CheckIn,62,112.37026513237399
Ts_CheckIn,63,109.62130966934643
Ts_CheckIn,64,114.02509259753926
Ts_CheckIn,65,108.36241576768182
Ts_CheckIn,66,109.23941550961571
Ts_CheckIn,67,110.5404680493402
Ts_CheckIn,68,109.48270855526918
Ts_CheckIn,69,110.10909080015564
Ts_CheckIn,70,109.27032857592955
Ts_CheckIn,71,108.9964964651412
Ts_CheckIn,72,110.8569908714933
Ts_CheckIn,73,108.16350330966308
Ts_CheckIn,74,114.22950226780182
Ts_CheckIn,75,110.77037990401301
Ts_CheckIn,76,108.90413416557453
Ts_CheckIn,77,112.72358242623051
Ts_CheckIn,78,111.67170612727662
Ts_CheckIn,79,110.92433000192891
Ts_CheckIn,80,114.38946128356555
Ts_CheckIn,81,108.12516555343345
Ts_CheckIn,82,112.07050961677753
Ts_CheckIn,83,108.80629754673896
Ts_CheckIn,84,110.67135802744953
Ts_CheckIn,85,110.40844898370948
Ts_CheckIn,86,110.99942849056053
Ts_CheckIn,87,108.5785304878459
Ts_CheckIn,88,111.39989926876603
Ts_CheckIn,89,113.25008639044202
Ts_CheckIn,90,110.09925110707128
Ts_CheckIn,91,107.63230053513134
Ts_CheckIn,92,109.48262324940426
Ts_CheckIn,93,113.010479316597
Ts_CheckIn,94,108.88903687996962
Ts_CheckIn,95,110.29306375511288
Ts_CheckIn,96,110.79810655945136
S_Varchi,1,14.99465584920777
S_Varchi,2,14.978163140260397
S_Varchi,3,15.015416886621676
S_Varchi,4,14.86852131784093
S_Varchi,5,15.148073136730117
S_Varchi,6,14.918156725505064
S_Varchi,7,14.900629884308014
S_Varchi,8,15.022029696184472
S_Varchi,9,15.08313381308916
S_Varchi,10,15.161191943736883
S_Varchi,11,14.906939074749351
S_Varchi,12,15.020271087549864
S_Varchi,13,14.845321818777382
S_Varchi,14,14.927623530635174
S_Varchi,15,15.116736156846633
S_Varchi,16,15.038412454891713
S_Varchi,17,15.142949092951016
S_Varchi,18,15.15944758359102
S_Varchi,19,14.973399354423545
S_Varchi,20,15.083242817027052
S_Varchi,21,15.029255937658148
S_Varchi,22,15.0481713945896
S_Varchi,23,15.110788794439173
S_Varchi,24,14.781156963485302
S_Varchi,25,14.943142379280093
S_Varchi,26,15.08933697403042
S_Varchi,27,14.940225972776103
S_Varchi,28,15.026758585408809
S_Varchi,29,15.006130132174142
S_Varchi,30,15.019110757652973
S_Varchi,31,14.92223474680957
S_Varchi,32,14.919820088612807
S_Varchi,33,14.93000407211323
S_Varchi,34,15.027626893812677
S_Varchi,35,15.07010785980577
S_Varchi,36,15.141869904290825
S_Varchi,37,14.978678766245139
S_Varchi,38,14.96095784257249
S_Varchi,39,15.03304251349058
S_Varchi,40,14.94056661136085
S_Varchi,41,14.99499050480361
S_Varchi,42,15.0274479439979
S_Varchi,43,15.055540312052742
S_Varchi,44,15.038510503907391
S_Varchi,45,15.21439321734107
S_Varchi,46,14.92993431618007
S_Varchi,47,15.171450603860796
S_Varchi,48,14.876824550820338
S_Varchi,49,15.038805496506555
S_Varchi,50,14.941017479058873
S_Varchi,51,14.87399596718762
S_Varchi,52,14.958574763011873
S_Varchi,53,14.902492273453767
S_Varchi,54,15.076132933486196
S_Varchi,55,15.119259344615932
S_Varchi,56,14.900046163909968
S_Varchi,57,14.910323240627218
S_Varchi,58,15.046110772500105
S_Varchi,59,15.071780437892206
S_Varchi,60,14.950533151521814
S_Varchi,61,15.144802374858733
S_Varchi,62,14.930133500546907
S_Varchi,63,14.953124957740268
S_Varchi,64,14.948918207944693
S_Varchi,65,14.9204928223477
S_Varchi,66,15.000625365722872
S_Varchi,67,15.146298489344728
S_Varchi,68,14.939248733259781
S_Varchi,69,15.199803542171031
S_Varchi,70,15.048449714375224
S_Varchi,71,15.095699148835115
S_Varchi,72,14.976255584768175
S_Varchi,73,15.028357419246781
S_Varchi,74,14.994131150886231
S_Varchi,75,14.927806547874933
S_Varchi,76,15.148564010941104
S_Varchi,77,15.073275478317022
S_Varchi,78,15.054482924383612
S_Varchi,79,14.994115372937436
S_Varchi,80,15.125044904237384
S_Varchi,81,14.965172944743191
S_Varchi,82,15.053727767964247
S_Varchi,83,15.053856143256956
S_Varchi,84,14.985578674189338
S_Varchi,85,15.068872556786044
S_Varchi,86,15.050676489133966
S_Varchi,87,15.057360107018246
S_Varchi,88,15.044069741565316
S_Varchi,89,15.016194672110013
S_Varchi,90,14.968578733339543
S_Varchi,91,15.010261090746456
S_Varchi,92,15.01094349568464
S_Varchi,93,15.08185210116132
S_Varchi,94,15.045091526721134
S_Varchi,95,15.004554337971731
S_Varchi,96,15.07176427947685
Tq_XRay,1,4168.452384860482
Tq_XRay,2,4702.426499154359
Tq_XRay,3,5223.576442904148
Tq_XRay,4,5498.947595890729
Tq_XRay,5,5665.875825087648
Tq_XRay,6,6116.494208759824
Tq_XRay,7,6908.714449907833
Tq_XRay,8,7244.769693286722
Tq_XRay,9,7563.090375202057
Tq_XRay,10,7932.768410186701
Tq_XRay,11,8736.737420807323
Tq_XRay,12,9355.105905899305
Tq_XRay,13,9868.901206335588
Tq_XRay,14,10396.031420884565
Tq_XRay,15,11107.479361572307
Tq_XRay,16,11379.00037219302
Tq_XRay,17,12034.846025168808
Tq_XRay,18,12647.763910751057
Tq_XRay,19,13136.93853100491
Tq_XRay,20,13611.22502686241
Tq_XRay,21,13842.384293925636
Tq_XRay,22,14341.204134069303
Tq_XRay,23,15057.178960707726
Tq_XRay,24,15579.13798967485
Tq_XRay,25,15857.644966721258
Tq_XRay,26,16115.293577678112
Tq_XRay,27,16701.061552317107
Tq_XRay,28,17637.082683577897
Tq_XRay,29,18536.517243214916
Tq_XRay,30,19098.688422652504
Tq_XRay,31,19527.713808940298
Tq_XRay,32,20206.43552336732
Tq_XRay,33,20552.976462345465
Tq_XRay,34,21207.803644332023
Tq_XRay,35,21936.399221286374
Tq_XRay,36,22441.75764236915
Tq_XRay,37,22885.622734520806
Tq_XRay,38,23581.307522885683
Tq_XRay,39,24269.14588339608
Tq_XRay,40,25226.37978996504
Tq_XRay,41,25893.31290081008
Tq_XRay,42,26089.555614259898
Tq_XRay,43,26706.17651509125
Tq_XRay,44,27436.08185468787
Tq_XRay,45,28257.018232727107
Tq_XRay,46,29098.434980608545
Tq_XRay,47,29878.887461309034
Tq_XRay,48,30713.521290140598
Tq_XRay,49,31865.937327660682
Tq_XRay,50,32419.56655678009
Tq_XRay,51,32920.4582444491
Tq_XRay,52,33395.321100678055
Tq_XRay,53,33890.379201129304
Tq_XRay,54,34279.316355003466
Tq_XRay,55,34929.3390024483
Tq_XRay,56,35754.7061990408
Tq_XRay,57,36631.54321131767
Tq_XRay,58,37263.90403276145
Tq_XRay,59,37552.90992953547
Tq_XRay,60,37900.55576404276
Tq_XRay,61,38503.852812511315
Tq_XRay,62,39213.103664510796
Tq_XRay,63,39400.719389997765
Tq_XRay,64,39858.02314865137
Tq_XRay,65,40378.356127795574
Tq_XRay,66,41374.13320015045
Tq_XRay,67,42104.00017260644
Tq_XRay,68,42541.507147063516
Tq_XRay,69,42785.240184053044
Tq_XRay,70,43038.60612800953
Tq_XRay,71,43420.05043808972
Tq_XRay,72,43856.64044189256
Tq_XRay,73,44044.64587035209
Tq_XRay,74,44249.77881373103
Tq_XRay,75,44698.4239415012
Tq_XRay,76,45539.57550082317
Tq_XRay,77,45936.22041063583
Tq_XRay,78,46564.96478270352
Tq_XRay,79,46975.01963732365
Tq_XRay,80,47507.610953350166
Tq_XRay,81,48054.70126335475
Tq_XRay,82,48466.06743168234
Tq_XRay,83,49161.482454452496
Tq_XRay,84,49766.33959065378
Tq_XRay,85,49971.56866054726
Tq_XRay,86,50409.70068053688
Tq_XRay,87,51239.82304273409
Tq_XRay,88,51989.59842646774
Tq_XRay,89,52712.293139101814
Tq_XRay,90,53524.33092634951
Tq_XRay,91,54076.47473002335
Tq_XRay,92,54664.32675474
Tq_XRay,93,55211.783896351495
Tq_XRay,94,55828.13122869215
Tq_XRay,95,56847.63080979209
Tq_XRay,96,57457.79459442916
S_XRay,1,47.63570555092659
S_XRay,2,48.210644365996444
S_XRay,3,47.714293847699174
S_XRay,4,46.909762859961965
S_XRay,5,47.73175521498536
S_XRay,6,47.108668899856426
S_XRay,7,47.90599398159321
S_XRay,8,47.25039415879601
S_XRay,9,47.39870763280793
S_XRay,10,46.755915615950464
S_XRay,11,48.12075493378461
S_XRay,12,47.12537380693272
S_XRay,13,47.32085216073923
S_XRay,14,48.722289915312366
S_XRay,15,47.36479069829266
S_XRay,16,47.25817994098839
S_XRay,17,47.05160503173031
S_XRay,18,47.334002603423976
S_XRay,19,47.19487965340552
S_XRay,20,48.42461864238907
S_XRay,21,47.31753064257479
S_XRay,22,48.02346568556038
S_XRay,23,47.55664249210954
S_XRay,24,47.60387018824706
S_XRay,25,47.34752656894809
S_XRay,26,47.41412672325667
S_XRay,27,47.46622403078272
S_XRay,28,48.37165825742338
S_XRay,29,47.86133394099123
S_XRay,30,47.4073360574166
S_XRay,31,47.950905875806775
S_XRay,32,47.13791126875391
S_XRay,33,47.83505340638733
S_XRay,34,48.306373945298965
S_XRay,35,48.028039264485415
S_XRay,36,46.649839704546054
S_XRay,37,47.008132721216924
S_XRay,38,46.97980752603153
S_XRay,39,47.70479835438466
S_XRay,40,48.573777307332676
S_XRay,41,47.34058600147756
S_XRay,42,48.30067891209522
S_XRay,43,47.51970905100267
S_XRay,44,47.19807466654526
S_XRay,45,47.36194281419141
S_XRay,46,47.93622875169159
S_XRay,47,47.93729761380194
S_XRay,48,47.74917318685136
S_XRay,49,47.51616789325058
S_XRay,50,47.31445276814117
S_XRay,51,47.39861803487249
S_XRay,52,48.4751214145119
S_XRay,53,47.268582881640924
S_XRay,54,47.946998158261
S_XRay,55,47.903714905312356
S_XRay,56,47.7331640305889
S_XRay,57,47.210978045114274
S_XRay,58,47.34385082792012
S_XRay,59,47.48087920741333
S_XRay,60,47.96033832672714
S_XRay,61,47.48263934285927
S_XRay,62,47.18321288193401
S_XRay,63,47.541453789844056
S_XRay,64,47.68199221699507
S_XRay,65,47.90909085584787
S_XRay,66,47.64036422886291
S_XRay,67,47.64763407967683
S_XRay,68,46.85873743678601
S_XRay,69,47.75824175751693
S_XRay,70,48.14261506787691
S_XRay,71,47.44782277972058
S_XRay,72,47.77255080442065
S_XRay,73,47.581192555154686
S_XRay,74,46.7141078388424
S_XRay,75,48.37927039043473
S_XRay,76,46.734765181754696
S_XRay,77,47.56825077939149
S_XRay,78,48.057978382660295
S_XRay,79,47.082157740787025
S_XRay,80,47.00121538053931
S_XRay,81,47.443578116400104
S_XRay,82,47.874257093767476
S_XRay,83,47.39486662625363
S_XRay,84,47.616234745278945
S_XRay,85,46.68184528594957
S_XRay,86,48.129879342954005
S_XRay,87,47.87487430001902
S_XRay,88,48.01551989185402
S_XRay,89,47.701561392094135
S_XRay,90,47.95665662099868
S_XRay,91,47.86820950975213
S_XRay,92,47.31793408129715
S_XRay,93,47.31196732515387
S_XRay,94,47.34430135529978
S_XRay,95,47.31568048487577
S_XRay,96,47.80206486320046
Nq_Recupero,1,0.0
Nq_Recupero,2,0.0
Nq_Recupero,3,0.0
Nq_Recupero,4,0.0
Nq_Recupero,5,0.0
Nq_Recupero,6,0.0
Nq_Recupero,7,0.0
Nq_Recupero,8,0.0
Nq_Recupero,9,0.0
Nq_Recupero,10,0.0
Nq_Recupero,11,0.0
Nq_Recupero,12,0.0
Nq_Recupero,13,0.0
Nq_Recupero,14,0.0
Nq_Recupero,15,0.0
Nq_Recupero,16,0.0
Nq_Recupero,17,0.0
Nq_Recupero,18,0.0
Nq_Recupero,19,0.0
Nq_Recupero,20,0.0
Nq_Recupero,21,0.0
Nq_Recupero,22,0.0
Nq_Recupero,23,0.0
Nq_Recupero,24,0.0
Nq_Recupero,25,0.0
Nq_Recupero,26,0.0
Nq_Recupero,27,0.0
Nq_Recupero,28,0.0
Nq_Recupero,29,0.0
Nq_Recupero,30,0.0
Nq_Recupero,31,0.0
Nq_Recupero,32,0.0
Nq_Recupero,33,0.0
Nq_Recupero,34,0.0
Nq_Recupero,35,0.0
Nq_Recupero,36,0.0
Nq_Recupero,37,0.0
Nq_Recupero,38,0.0
Nq_Recupero,39,0.0
Nq_Recupero,40,0.0
Nq_Recupero,41,0.0
Nq_Recupero,42,0.0
Nq_Recupero,43,0.0
Nq_Recupero,44,0.0
Nq_Recupero,45,0.0
Nq_Recupero,46,0.0
Nq_Recupero,47,0.0
Nq_Recupero,48,0.0
Nq_Recupero,49,0.0
Nq_Recupero,50,0.0
Nq_Recupero,51,0.0
Nq_Recupero,52,0.0
Nq_Recupero,53,0.0
Nq_Recupero,54,0.0
Nq_Recupero,55,0.0
Nq_Recupero,56,0.0
Nq_Recupero,57,0.0
Nq_Recupero,58,0.0
Nq_Recupero,59,0.0
Nq_Recupero,60,0.0
Nq_Recupero,61,0.0
Nq_Recupero,62,0.0
Nq_Recupero,63,0.0
Nq_Recupero,64,0.0
Nq_Recupero,65,0.0
Nq_Recupero,66,0.0
Nq_Recupero,67,0.0
Nq_Recupero,68,0.0
Nq_Recupero,69,0.0
Nq_Recupero,70,0.0
Nq_Recupero,71,0.0
Nq_Recupero,72,0.0
Nq_Recupero,73,0.0
Nq_Recupero,74,0.0
Nq_Recupero,75,0.0
Nq_Recupero,76,0.0
Nq_Recupero,77,0.0
Nq_Recupero,78,0.0
Nq_Recupero,79,0.0
Nq_Recupero,80,0.0
Nq_Recupero,81,0.0
Nq_Recupero,82,0.0
Nq_Recupero,83,0.0
Nq_Recupero,84,0.0
Nq_Recupero,85,0.0
Nq_Recupero,86,0.0
Nq_Recupero,87,0.0
Nq_Recupero,88,0.0
Nq_Recupero,89,0.0
Nq_Recupero,90,0.0
Nq_Recupero,91,0.0
Nq_Recupero,92,0.0
Nq_Recupero,93,0.0
Nq_Recupero,94,0.0
Nq_Recupero,95,0.0
Nq_Recupero,96,0.0
S_Recupero,1,126.63089766836724
S_Recupero,2,125.20683363848511
S_Recupero,3,125.14102206431988
S_Recupero,4,124.83559123640605
S_Recupero,5,125.79253606812385
S_Recupero,6,123.8581553725563
S_Recupero,7,126.05826095889014
S_Recupero,8,123.84053876301202
S_Recupero,9,125.27056093335467
S_Recupero,10,125.34307306771397
S_Recupero,11,122.72894963938657
S_Recupero,12,125.13272881845985
S_Recupero,13,126.17391200483053
S_Recupero,14,123.40429620210573
S_Recupero,15,123.48236245360914
S_Recupero,16,126.97263477308165
S_Recupero,17,125.16563407144936
S_Recupero,18,126.44397924564358
S_Recupero,19,125.65744020020146
S_Recupero,20,125.6335926426328
S_Recupero,21,124.32809653077555
S_Recupero,22,126.14826636968822
S_Recupero,23,126.15761738189674
S_Recupero,24,125.64111091847458
S_Recupero,25,126.12941909678517
S_Recupero,26,125.11371687545837
S_Recupero,27,125.6862625354708
S_Recupero,28,125.0017893943415
S_Recupero,29,124.17369701734229
S_Recupero,30,126.70679772151288
S_Recupero,31,125.52360742547941
S_Recupero,32,124.64221886103273
S_Recupero,33,123.30245811380532
S_Recupero,34,126.76153770733896
S_Recupero,35,125.40889555943178
S_Recupero,36,126.1649889692469
S_Recupero,37,125.00911372091343
S_Recupero,38,128.24376389167602
S_Recupero,39,124.89649660893753
S_Recupero,40,125.93180894130234
S_Recupero,41,124.56574597851841
S_Recupero,42,125.46338865691585
S_Recupero,43,125.35201404544081
S_Recupero,44,125.48504244220331
S_Recupero,45,125.276205877363
S_Recupero,46,124.37101129830542
S_Recupero,47,125.73408975128044
S_Recupero,48,124.66590679204474
S_Recupero,49,127.16988070990742
S_Recupero,50,124.35081091692108
S_Recupero,51,124.61818817475562
S_Recupero,52,125.31923480958686
S_Recupero,53,123.9351821740403
S_Recupero,54,125.45446198716128
S_Recupero,55,126.51528064498972
S_Recupero,56,125.7300496730228
S_Recupero,57,125.47696694380073
S_Recupero,58,125.17604416536138
S_Recupero,59,123.87284652468257
S_Recupero,60,125.78696112178322
S_Recupero,61,126.65949770218673
S_Recupero,62,127.39611032627258
S_Recupero,63,126.45821408589556
S_Recupero,64,126.35645487920156
S_Recupero,65,125.92548540905162
S_Recupero,66,124.28418444571446
S_Recupero,67,126.48439365381857
S_Recupero,68,126.21547739420569
S_Recupero,69,125.36715263000353
S_Recupero,70,126.22542465173163
S_Recupero,71,125.57576285149337
S_Recupero,72,124.57224218997214
S_Recupero,73,126.40944829454453
S_Recupero,74,126.28708100922404
S_Recupero,75,126.27012028295269
S_Recupero,76,124.11269689539073
S_Recupero,77,123.61799899023511
S_Recupero,78,123.17513842936928
S_Recupero,79,124.46569216887971
S_Recupero,80,126.0667236795236
S_Recupero,81,124.56807613572994
S_Recupero,82,124.70504472820741
S_Recupero,83,124.90412247467579
S_Recupero,84,124.49009828162876
S_Recupero,85,124.50898623683585
S_Recupero,86,123.81301862808964
S_Recupero,87,127.36206242690785
S_Recupero,88,125.78091580993733
S_Recupero,89,124.99128200917244
S_Recupero,90,125.98096723174201
S_Recupero,91,125.5499128470732
S_Recupero,92,125.15928001003265
S_Recupero,93,125.76070840316146
S_Recupero,94,125.19080368512174
S_Recupero,95,124.91303665501646
S_Recupero,96,125.30905821457208
Tq_CheckIn,1,4.969396956741771
Tq_CheckIn,2,5.410807988979834
Tq_CheckIn,3,7.932855187884425
Tq_CheckIn,4,3.7746568669952345
Tq_CheckIn,5,5.0291651847206635
Tq_CheckIn,6,5.9971950622256625
Tq_CheckIn,7,6.094537810006688
Tq_CheckIn,8,7.034099538802393
Tq_CheckIn,9,4.8994090075081935
Tq_CheckIn,10,4.2937153367408305
Tq_CheckIn,11,9.424444890938215
Tq_CheckIn,12,4.583209823385505
Tq_CheckIn,13,5.289793401305259
Tq_CheckIn,14,4.65548395848072
Tq_CheckIn,15,9.739382823602593
Tq_CheckIn,16,5.976626528780509
Tq_CheckIn,17,5.28538994684538
Tq_CheckIn,18,4.837490577711386
Tq_CheckIn,19,6.489518223121545
Tq_CheckIn,20,6.139408128641407
Tq_CheckIn,21,6.621618764556694
Tq_CheckIn,22,6.87191406288362
Tq_CheckIn,23,5.207607019801353
Tq_CheckIn,24,4.378324153641652
Tq_CheckIn,25,6.051909898295111
Tq_CheckIn,26,7.422256029087747
Tq_CheckIn,27,3.295050753053484
Tq_CheckIn,28,4.779020989067189
Tq_CheckIn,29,3.107448320952567
Tq_CheckIn,30,6.357917531689524
Tq_CheckIn,31,4.233956011335465
Tq_CheckIn,32,4.497310864399243
Tq_CheckIn,33,4.424226490023688
Tq_CheckIn,34,5.967915701091425
Tq_CheckIn,35,3.4061842613555973
Tq_CheckIn,36,4.418846334746491
Tq_CheckIn,37,5.678197019218691
Tq_CheckIn,38,4.8534170257373495
Tq_CheckIn,39,6.263111602035377
Tq_CheckIn,40,6.8623389634608
Tq_CheckIn,41,5.4676155091155545
Tq_CheckIn,42,10.477943021131209
Tq_CheckIn,43,5.30234439622184
Tq_CheckIn,44,7.10332063480854
Tq_CheckIn,45,2.929674024628299
Tq_CheckIn,46,5.005486136106929
Tq_CheckIn,47,4.341457513275581
Tq_CheckIn,48,3.737072855609634
Tq_CheckIn,49,4.188959601501197
Tq_CheckIn,50,6.0048071866166
Tq_CheckIn,51,6.634397051180066
Tq_CheckIn,52,6.258285191111672
Tq_CheckIn,53,6.979497545740041
Tq_CheckIn,54,6.403594548730275
Tq_CheckIn,55,8.201324958274327
Tq_CheckIn,56,5.324061833696526
Tq_CheckIn,57,5.059503483583001
Tq_CheckIn,58,9.713700595047241
Tq_CheckIn,59,7.447360966510904
Tq_CheckIn,60,6.188379991456157
Tq_CheckIn,61,4.645762769219054
Tq_CheckIn,62,7.303916225880729
Tq_CheckIn,63,4.9395826660409945
Tq_CheckIn,64,6.940719397542394
Tq_CheckIn,65,4.492613912096111
Tq_CheckIn,66,5.539879613561353
Tq_CheckIn,67,4.931132646649426
Tq_CheckIn,68,5.070891490647083
Tq_CheckIn,69,4.77773371702801
Tq_CheckIn,70,5.1125000014416
Tq_CheckIn,71,5.322515910850357
Tq_CheckIn,72,5.321683706663387
Tq_CheckIn,73,3.3235480938656514
Tq_CheckIn,74,9.038242406492655
Tq_CheckIn,75,5.347315931643657
Tq_CheckIn,76,4.671963688046499
Tq_CheckIn,77,8.162921562521506
Tq_CheckIn,78,7.587991470607578
Tq_CheckIn,79,5.997341439286729
Tq_CheckIn,80,7.868429658004015
Tq_CheckIn,81,3.5538703218553835
Tq_CheckIn,82,8.292632133334662
Tq_CheckIn,83,4.517326509050386
Tq_CheckIn,84,4.870064946920086
Tq_CheckIn,85,5.431404989318466
Tq_CheckIn,86,5.810389636487737
Tq_CheckIn,87,4.017920146165622
Tq_CheckIn,88,6.604354121466641
Tq_CheckIn,89,8.94789090875922
Tq_CheckIn,90,4.7095117208164154
Tq_CheckIn,91,3.372263168931844
Tq_CheckIn,92,6.059171152975434
Tq_CheckIn,93,9.452995971093088
Tq_CheckIn,94,4.1025057832555225
Tq_CheckIn,95,6.360842865652229
Tq_CheckIn,96,5.401567716737857
X_Varchi,1,2.016684545176411
X_Varchi,2,2.033837345603847
X_Varchi,3,1.9387613133148753
X_Varchi,4,1.9219605363558931
X_Varchi,5,2.037591517210065
X_Varchi,6,2.0943468582817246
X_Varchi,7,1.962678172835538
X_Varchi,8,1.9499225416044752
X_Varchi,9,2.01017468051863
X_Varchi,10,2.1126319387544603
X_Varchi,11,2.028972451208482
X_Varchi,12,2.0631981331166305
X_Varchi,13,1.9587627301045136
X_Varchi,14,2.0259792506163614
X_Varchi,15,1.9722631296913298
X_Varchi,16,2.080137888057178
X_Varchi,17,2.0711352899082622
X_Varchi,18,2.068310135550086
X_Varchi,19,1.9638351674040058
X_Varchi,20,1.89043152259419
X_Varchi,21,2.048662736802836
X_Varchi,22,2.0800743353004347
X_Varchi,23,2.0240635724432656
X_Varchi,24,1.957155739785653
X_Varchi,25,1.9486780296448964
X_Varchi,26,2.024053576674222
X_Varchi,27,2.0975204493662525
X_Varchi,28,2.0788346788275023
X_Varchi,29,2.0575878586026906
X_Varchi,30,1.9753967978218565
X_Varchi,31,2.0188463901222726
X_Varchi,32,1.9892316247080901
X_Varchi,33,2.0326293891048817
X_Varchi,34,2.049124035852799
X_Varchi,35,2.0266404535139406
X_Varchi,36,2.068635668603019
X_Varchi,37,2.0312773611777817
X_Varchi,38,2.07023569799106
X_Varchi,39,2.1275142864334002
X_Varchi,40,2.03311714731805
X_Varchi,41,1.8634573717493301
X_Varchi,42,2.058348305311785
X_Varchi,43,2.088339428062065
X_Varchi,44,2.1248760275952656
X_Varchi,45,2.0961548220045296
X_Varchi,46,2.088693745790172
X_Varchi,47,2.0805156922943366
X_Varchi,48,2.2318192187877264
X_Varchi,49,2.0007573579903224
X_Varchi,50,1.9979011009012588
X_Varchi,51,1.9873018933576163
X_Varchi,52,1.9733821385239485
X_Varchi,53,1.9824571934163364
X_Varchi,54,2.0214340226695993
X_Varchi,55,2.1055955455669344
X_Varchi,56,2.1165944035507303
X_Varchi,57,2.072709132152502
X_Varchi,58,1.9468050781105017
X_Varchi,59,1.9542595076573201
X_Varchi,60,2.014878960848509
X_Varchi,61,2.125283134378869
X_Varchi,62,1.8919757921746942
X_Varchi,63,2.0114469253934173
X_Varchi,64,2.00178696695076
X_Varchi,65,2.1461116939358007
X_Varchi,66,2.0565247195561396
X_Varchi,67,2.0343161801493914
X_Varchi,68,1.9466964937348352
X_Varchi,69,1.9590933180511327
X_Varchi,70,1.9486086726928835
X_Varchi,71,2.0264751691381173
X_Varchi,72,1.872485993886473
X_Varchi,73,2.0085143059646544
X_Varchi,74,1.9883973935098718
X_Varchi,75,2.1255919156444394
X_Varchi,76,2.0105099298166205
X_Varchi,77,2.0725275946057553
X_Varchi,78,1.9549352048840423
X_Varchi,79,2.036029302774034
X_Varchi,80,2.072404776665325
X_Varchi,81,1.959680987729462
X_Varchi,82,2.0865187497851707
X_Varchi,83,2.036342767953691
X_Varchi,84,1.9608439912910078
X_Varchi,85,2.0231755326928824
X_Varchi,86,2.06088905749459
X_Varchi,87,2.0753290205087116
X_Varchi,88,2.0268084150305006
X_Varchi,89,2.128562826053218
X_Varchi,90,2.0089030374140053
X_Varchi,91,1.9956540368354112
X_Varchi,92,2.059728365223228
X_Varchi,93,2.0172208678087866
X_Varchi,94,2.2277898076036395
X_Varchi,95,2.0433877057096423
X_Varchi,96,1.9893505801110007
Nq_Varchi,1,0.4884687294978358
Nq_Varchi,2,0.5250767462611302
Nq_Varchi,3,0.44737524714420396
Nq_Varchi,4,0.44416956733658913
Nq_Varchi,5,0.4821609937023746
Nq_Varchi,6,0.5274311771647727
Nq_Varchi,7,0.45146877077624925
Nq_Varchi,8,0.5172621964216363
Nq_Varchi,9,0.49394243946379146
Nq_Varchi,10,0.5313603409882004
Nq_Varchi,11,0.5190250314422794
Nq_Varchi,12,0.5259115285658683
Nq_Varchi,13,0.49121441013041406
Nq_Varchi,14,0.5265660517333648
Nq_Varchi,15,0.4694102286547823
Nq_Varchi,16,0.554452224828494
Nq_Varchi,17,0.5127770072220611
Nq_Varchi,18,0.5137727192289807
Nq_Varchi,19,0.49455849334680513
Nq_Varchi,20,0.4264743663483492
Nq_Varchi,21,0.504158222581088
Nq_Varchi,22,0.5364092098119728
Nq_Varchi,23,0.5121455045149831
Nq_Varchi,24,0.4463528195880568
Nq_Varchi,25,0.44286637122327493
Nq_Varchi,26,0.565034755680171
Nq_Varchi,27,0.5063173383892301
Nq_Varchi,28,0.5363077691321377
Nq_Varchi,29,0.5267983457606031
Nq_Varchi,30,0.5226089406151043
Nq_Varchi,31,0.5096646238794775
Nq_Varchi,32,0.49009105844674566
Nq_Varchi,33,0.5009932887764882
Nq_Varchi,34,0.5411729890388551
Nq_Varchi,35,0.5435404221709574
Nq_Varchi,36,0.55667557205313
Nq_Varchi,37,0.5163429531014424
Nq_Varchi,38,0.5284450399169799
Nq_Varchi,39,0.5618147955039834
Nq_Varchi,40,0.4841885522875339
Nq_Varchi,41,0.41969044120161564
Nq_Varchi,42,0.5220872069763436
Nq_Varchi,43,0.5794452291495408
Nq_Varchi,44,0.5269490552535789
Nq_Varchi,45,0.5645007251118611
Nq_Varchi,46,0.5473076949585063
Nq_Varchi,47,0.5399113975069805
Nq_Varchi,48,0.6209573448720141
Nq_Varchi,49,0.4649259541421565
Nq_Varchi,50,0.48543566813791417
Nq_Varchi,51,0.4575385734076737
Nq_Varchi,52,0.497064916817208
Nq_Varchi,53,0.4447592751705746
Nq_Varchi,54,0.5464550056665051
Nq_Varchi,55,0.5428021660560837
Nq_Varchi,56,0.5969030289847076
Nq_Varchi,57,0.5349440343760631
Nq_Varchi,58,0.45860869962280676
Nq_Varchi,59,0.5080709251269124
Nq_Varchi,60,0.5198663301566542
Nq_Varchi,61,0.5427307879761509
Nq_Varchi,62,0.4360023975127611
Nq_Varchi,63,0.5413883386947622
Nq_Varchi,64,0.5151868964228934
Nq_Varchi,65,0.5819025164411455
Nq_Varchi,66,0.5901124415092569
Nq_Varchi,67,0.5343612683079907
Nq_Varchi,68,0.4312908650083948
Nq_Varchi,69,0.47413543461884167
Nq_Varchi,70,0.45034019062249
Nq_Varchi,71,0.4836796429397342
Nq_Varchi,72,0.41893552024984565
Nq_Varchi,73,0.500542723372217
Nq_Varchi,74,0.4969871503740137
Nq_Varchi,75,0.6282150707716434
Nq_Varchi,76,0.5239291103553618
Nq_Varchi,77,0.5048436423100121
Nq_Varchi,78,0.5057414466235396
Nq_Varchi,79,0.5152475165469422
Nq_Varchi,80,0.5578440827961045
Nq_Varchi,81,0.515660720190688
Nq_Varchi,82,0.503427393402784
Nq_Varchi,83,0.5301948331183212
Nq_Varchi,84,0.5275723668060224
Nq_Varchi,85,0.5261282868648933
Nq_Varchi,86,0.5391493239833351
Nq_Varchi,87,0.5466869454611126
Nq_Varchi,88,0.47358770490701346
Nq_Varchi,89,0.5943178834771348
Nq_Varchi,90,0.481273028094537
Nq_Varchi,91,0.46995246468305785
Nq_Varchi,92,0.5606061157701576
Nq_Varchi,93,0.47386525208224867
Nq_Varchi,94,0.6516632988010187
Nq_Varchi,95,0.5104860042232726
Nq_Varchi,96,0.45198119288699784
Ts_TraceDetection,1,177.594826818244
Ts_TraceDetection,2,143.85467544341816
Ts_TraceDetection,3,175.18283369250426
Ts_TraceDetection,4,164.57224142530887
Ts_TraceDetection,5,154.44709068233357
Ts_TraceDetection,6,178.40420717081082
Ts_TraceDetection,7,200.49422127144427
Ts_TraceDetection,8,180.98567211591603
Ts_TraceDetection,9,143.03601331507542
Ts_TraceDetection,10,154.12395149315643
Ts_TraceDetection,11,225.61104521771497
Ts_TraceDetection,12,143.4564667873629
Ts_TraceDetection,13,170.467380303617
Ts_TraceDetection,14,165.80559812379695
Ts_TraceDetection,15,166.01068725703064
Ts_TraceDetection,16,184.04547370210898
Ts_TraceDetection,17,206.26336604518713
Ts_TraceDetection,18,146.83986277996058
Ts_TraceDetection,19,206.78769816258335
Ts_TraceDetection,20,191.7585976634662
Ts_TraceDetection,21,162.54609069797854
Ts_TraceDetection,22,155.64590036874202
Ts_TraceDetection,23,175.08116339996837
Ts_TraceDetection,24,145.2770970667913
Ts_TraceDetection,25,153.9799074932075
Ts_TraceDetection,26,159.78696739867382
Ts_TraceDetection,27,158.7137103556828
Ts_TraceDetection,28,151.18368288193423
Ts_TraceDetection,29,176.82780200996245
Ts_TraceDetection,30,167.9213320805247
Ts_TraceDetection,31,179.9873568252186
Ts_TraceDetection,32,129.52296804455065
Ts_TraceDetection,33,191.97363352732887
Ts_TraceDetection,34,151.11184812877283
Ts_TraceDetection,35,157.79554752003472
Ts_TraceDetection,36,138.63334188819562
Ts_TraceDetection,37,148.6820507713348
Ts_TraceDetection,38,162.42792373000498
Ts_TraceDetection,39,160.00612053410796
Ts_TraceDetection,40,142.92351011287903
Ts_TraceDetection,41,209.87625931280414
Ts_TraceDetection,42,152.51049078700814
Ts_TraceDetection,43,165.0018190324134
Ts_TraceDetection,44,236.01582680396064
Ts_TraceDetection,45,183.52042187161277
Ts_TraceDetection,46,149.92570341196154
Ts_TraceDetection,47,206.66517884747591
Ts_TraceDetection,48,242.59589265380313
Ts_TraceDetection,49,159.26931352671278
Ts_TraceDetection,50,175.19333986082822
Ts_TraceDetection,51,194.69875651708182
Ts_TraceDetection,52,163.1675429647314
Ts_TraceDetection,53,128.09569144820088
Ts_TraceDetection,54,185.06392565196103
Ts_TraceDetection,55,163.61164301247854
Ts_TraceDetection,56,165.63984498567964
Ts_TraceDetection,57,156.90110789942727
Ts_TraceDetection,58,161.6680657737759
Ts_TraceDetection,59,161.56336381929168
Ts_TraceDetection,60,227.55053253611808
Ts_TraceDetection,61,167.04464518935248
Ts_TraceDetection,62,149.64142881427995
Ts_TraceDetection,63,157.7766667837389
Ts_TraceDetection,64,223.20236800923703
Ts_TraceDetection,65,156.3136129117933
Ts_TraceDetection,66,141.84272806107896
Ts_TraceDetection,67,154.21471395243253
Ts_TraceDetection,68,178.820070867005
Ts_TraceDetection,69,153.1355635957163
Ts_TraceDetection,70,146.2395519405586
Ts_TraceDetection,71,144.53183583123953
Ts_TraceDetection,72,187.2916912029256
Ts_TraceDetection,73,188.20722243544404
Ts_TraceDetection,74,146.29285206768353
Ts_TraceDetection,75,139.69672251825256
Ts_TraceDetection,76,138.11559782340882
Ts_TraceDetection,77,174.6519839173821
Ts_TraceDetection,78,177.248879126374
Ts_TraceDetection,79,211.23583194933641
Ts_TraceDetection,80,171.34010835537705
Ts_TraceDetection,81,174.89988862426296
Ts_TraceDetection,82,167.53870181629642
Ts_TraceDetection,83,157.69325896632617
Ts_TraceDetection,84,167.53138825887194
Ts_TraceDetection,85,191.21553798178556
Ts_TraceDetection,86,156.32215318471125
Ts_TraceDetection,87,176.44636966179522
Ts_TraceDetection,88,146.56239364046723
Ts_TraceDetection,89,203.2359533689718
Ts_TraceDetection,90,143.6527326160421
Ts_TraceDetection,91,130.74585026682493
Ts_TraceDetection,92,151.32051850043894
Ts_TraceDetection,93,182.35460705366762
Ts_TraceDetection,94,171.3219254796971
Ts_TraceDetection,95,137.18016931513083
Ts_TraceDetection,96,158.51151281511065
X_TraceDetection,1,0.7770179315540737
X_TraceDetection,2,0.7374808813177747
X_TraceDetection,3,0.7969494537741054
X_TraceDetection,4,0.7946025074597755
X_TraceDetection,5,0.7658100690486643
X_TraceDetection,6,0.8269977258679446
X_TraceDetection,7,0.7747496556881162
X_TraceDetection,8,0.7732567571353289
X_TraceDetection,9,0.7534785112468261
X_TraceDetection,10,0.7307553936449344
X_TraceDetection,11,0.8181021717232857
X_TraceDetection,12,0.7627404724238295
X_TraceDetection,13,0.7865532740808272
X_TraceDetection,14,0.800437293732997
X_TraceDetection,15,0.7771672559889391
X_TraceDetection,16,0.7890716435437233
X_TraceDetection,17,0.8066658617907024
X_TraceDetection,18,0.7782339082699504
X_TraceDetection,19,0.7984523332211462
X_TraceDetection,20,0.7951505069466352
X_TraceDetection,21,0.7857307298091862
X_TraceDetection,22,0.7609339235768969
X_TraceDetection,23,0.799505550330164
X_TraceDetection,24,0.7521180500387113
X_TraceDetection,25,0.7556158696772592
X_TraceDetection,26,0.7512069818972614
X_TraceDetection,27,0.7756298519725894
X_TraceDetection,28,0.7534183837351712
X_TraceDetection,29,0.758680961640768
X_TraceDetection,30,0.7542335553413121
X_TraceDetection,31,0.8112318762019909
X_TraceDetection,32,0.7498111147095018
X_TraceDetection,33,0.7706738643479284
X_TraceDetection,34,0.7762210266044901
X_TraceDetection,35,0.77899575391612
X_TraceDetection,36,0.7428327319268709
X_TraceDetection,37,0.7656607005158396
X_TraceDetection,38,0.8006057051927129
X_TraceDetection,39,0.7759605361473284
X_TraceDetection,40,0.7786936130526055
X_TraceDetection,41,0.8266698757628647
X_TraceDetection,42,0.8041395972789053
X_TraceDetection,43,0.7719565277740894
X_TraceDetection,44,0.8087609019532012
X_TraceDetection,45,0.7690783590281883
X_TraceDetection,46,0.763558702139396
X_TraceDetection,47,0.8156730185687362
X_TraceDetection,48,0.8258605166646419
X_TraceDetection,49,0.7729480091764367
X_TraceDetection,50,0.7964932011176891
X_TraceDetection,51,0.8207549550496618
X_TraceDetection,52,0.8091629415594644
X_TraceDetection,53,0.7183142652386978
X_TraceDetection,54,0.8018343109267956
X_TraceDetection,55,0.7730628333737983
X_TraceDetection,56,0.7853849331368198
X_TraceDetection,57,0.7778073674265907
X_TraceDetection,58,0.7896861712807821
X_TraceDetection,59,0.7619243879000861
X_TraceDetection,60,0.8255290184633913
X_TraceDetection,61,0.7491919046244103
X_TraceDetection,62,0.7634833576595444
X_TraceDetection,63,0.8022584307134959
X_TraceDetection,64,0.8035387747649658
X_TraceDetection,65,0.7713929900305773
X_TraceDetection,66,0.7568982672534851
X_TraceDetection,67,0.7717685320054101
X_TraceDetection,68,0.7942154136196888
X_TraceDetection,69,0.7839094651134968
X_TraceDetection,70,0.7697405053828654
X_TraceDetection,71,0.7575771458283206
X_TraceDetection,72,0.8336308706401798
X_TraceDetection,73,0.7955295333331147
X_TraceDetection,74,0.757952407262114
X_TraceDetection,75,0.7525105851090117
X_TraceDetection,76,0.760764703440562
X_TraceDetection,77,0.7828330829233369
X_TraceDetection,78,0.7953853108464143
X_TraceDetection,79,0.7808594311905142
X_TraceDetection,80,0.7744488219700919
X_TraceDetection,81,0.7933147642161054
X_TraceDetection,82,0.7955976877401136
X_TraceDetection,83,0.7702742094023953
X_TraceDetection,84,0.7651326432158055
X_TraceDetection,85,0.7581975268504787
X_TraceDetection,86,0.7997569384165931
X_TraceDetection,87,0.8190209150274832
X_TraceDetection,88,0.7657827554536073
X_TraceDetection,89,0.8175160048914545
X_TraceDetection,90,0.7611844087042723
X_TraceDetection,91,0.7459840435828339
X_TraceDetection,92,0.7773526358338859
X_TraceDetection,93,0.7866967732965553
X_TraceDetection,94,0.7948756865953804
X_TraceDetection,95,0.7327127526523982
X_TraceDetection,96,0.7893264062340611
S_TraceDetection,1,62.66749493681798
S_TraceDetection,2,61.07705043390637
S_TraceDetection,3,61.91765334422412
S_TraceDetection,4,61.583360892059595
S_TraceDetection,5,61.204535785304806
S_TraceDetection,6,61.62635359809334
S_TraceDetection,7,61.55329831234466
S_TraceDetection,8,61.72836370908394
S_TraceDetection,9,61.29543343210772
S_TraceDetection,10,61.12775113805665
S_TraceDetection,11,61.83453868012886
S_TraceDetection,12,61.613002020847354
S_TraceDetection,13,60.79598337957286
S_TraceDetection,14,62.5458393230864
S_TraceDetection,15,62.65889386411442
S_TraceDetection,16,61.61922349471263
S_TraceDetection,17,61.309495803732126
S_TraceDetection,18,61.50347397033841
S_TraceDetection,19,60.853626789678
S_TraceDetection,20,61.419968514524925
S_TraceDetection,21,61.07414026665652
S_TraceDetection,22,61.31517270467292
S_TraceDetection,23,61.10349767021102
S_TraceDetection,24,61.69759260206117
S_TraceDetection,25,61.616754632879534
S_TraceDetection,26,61.498888444226594
S_TraceDetection,27,61.47804393296311
S_TraceDetection,28,61.23674521885415
S_TraceDetection,29,61.19798538285454
S_TraceDetection,30,60.887772479563246
S_TraceDetection,31,61.45302361186585
S_TraceDetection,32,61.54118997754132
S_TraceDetection,33,61.82311717839567
S_TraceDetection,34,61.38450690095994
S_TraceDetection,35,60.77534484704094
S_TraceDetection,36,61.241627484475934
S_TraceDetection,37,61.43100949741374
S_TraceDetection,38,61.85511586777866
S_TraceDetection,39,60.896078696371816
S_TraceDetection,40,61.200329408925285
S_TraceDetection,41,61.619861310144834
S_TraceDetection,42,61.59217612429315
S_TraceDetection,43,61.3977765711503
S_TraceDetection,44,62.13100926488621
S_TraceDetection,45,60.92893531898045
S_TraceDetection,46,61.65124243823984
S_TraceDetection,47,61.822871894977936
S_TraceDetection,48,62.09760528740094
S_TraceDetection,49,61.18774182828471
S_TraceDetection,50,61.28443303616907
S_TraceDetection,51,62.41190673946317
S_TraceDetection,52,62.083155883845215
S_TraceDetection,53,61.49425152801581
S_TraceDetection,54,61.87339154057963
S_TraceDetection,55,61.36354978236163
S_TraceDetection,56,60.810841258549715
S_TraceDetection,57,61.09210170594354
S_TraceDetection,58,61.20822572362074
S_TraceDetection,59,61.648418605234475
S_TraceDetection,60,61.879321129031965
S_TraceDetection,61,61.241273268123365
S_TraceDetection,62,60.98564122957695
S_TraceDetection,63,62.20545666518932
S_TraceDetection,64,61.78500247327007
S_TraceDetection,65,62.209216662868855
S_TraceDetection,66,61.29281149394897
S_TraceDetection,67,61.97483819630773
S_TraceDetection,68,62.32638994849425
S_TraceDetection,69,60.970647844495424
S_TraceDetection,70,60.60477202411189
S_TraceDetection,71,60.74259525891738
S_TraceDetection,72,61.81752134667692
S_TraceDetection,73,61.57559335817048
S_TraceDetection,74,61.26046023662892
S_TraceDetection,75,61.730454844185495
S_TraceDetection,76,61.53668884752163
S_TraceDetection,77,61.44777719808173
S_TraceDetection,78,60.89013835108253
S_TraceDetection,79,61.21772737022041
S_TraceDetection,80,61.73861220531269
S_TraceDetection,81,61.50293666234119
S_TraceDetection,82,61.108936961360826
S_TraceDetection,83,61.63690123563391
S_TraceDetection,84,61.39489844851886
S_TraceDetection,85,61.625194309995926
S_TraceDetection,86,62.09507063061378
S_TraceDetection,87,61.571566083596124
S_TraceDetection,88,62.00358920573878
S_TraceDetection,89,62.02535413921104
S_TraceDetection,90,60.90010226626139
S_TraceDetection,91,60.7170898128206
S_TraceDetection,92,61.41279900839156
S_TraceDetection,93,61.704817691981724
S_TraceDetection,94,60.890726623484106
S_TraceDetection,95,61.03457546234735
S_TraceDetection,96,62.10136063092268
Ns_Varchi,1,2.505153274674247
Ns_Varchi,2,2.558914091864977
Ns_Varchi,3,2.386136560459079
Ns_Varchi,4,2.3661301036924822
Ns_Varchi,5,2.5197525109124395
Ns_Varchi,6,2.6217780354464972
Ns_Varchi,7,2.414146943611787
Ns_Varchi,8,2.4671847380261114
Ns_Varchi,9,2.5041171199824213
Ns_Varchi,10,2.643992279742661
Ns_Varchi,11,2.5479974826507616
Ns_Varchi,12,2.5891096616824987
Ns_Varchi,13,2.4499771402349277
Ns_Varchi,14,2.552545302349726
Ns_Varchi,15,2.441673358346112
Ns_Varchi,16,2.634590112885672
Ns_Varchi,17,2.5839122971303237
Ns_Varchi,18,2.582082854779067
Ns_Varchi,19,2.458393660750811
Ns_Varchi,20,2.316905888942539
Ns_Varchi,21,2.552820959383924
Ns_Varchi,22,2.6164835451124073
Ns_Varchi,23,2.5362090769582486
Ns_Varchi,24,2.4035085593737096
Ns_Varchi,25,2.391544400868171
Ns_Varchi,26,2.589088332354393
Ns_Varchi,27,2.6038377877554826
Ns_Varchi,28,2.6151424479596397
Ns_Varchi,29,2.5843862043632937
Ns_Varchi,30,2.498005738436961
Ns_Varchi,31,2.5285110140017504
Ns_Varchi,32,2.479322683154836
Ns_Varchi,33,2.53362267788137
Ns_Varchi,34,2.590297024891654
Ns_Varchi,35,2.570180875684898
Ns_Varchi,36,2.625311240656149
Ns_Varchi,37,2.5476203142792238
Ns_Varchi,38,2.5986807379080394
Ns_Varchi,39,2.6893290819373834
Ns_Varchi,40,2.5173056996055836
Ns_Varchi,41,2.2831478129509457
Ns_Varchi,42,2.5804355122881284
Ns_Varchi,43,2.6677846572116053
Ns_Varchi,44,2.6518250828488448
Ns_Varchi,45,2.6606555471163906
Ns_Varchi,46,2.6360014407486783
Ns_Varchi,47,2.620427089801317
Ns_Varchi,48,2.8527765636597406
Ns_Varchi,49,2.465683312132479
Ns_Varchi,50,2.4833367690391728
Ns_Varchi,51,2.44484046676529
Ns_Varchi,52,2.4704470553411566
Ns_Varchi,53,2.427216468586911
Ns_Varchi,54,2.5678890283361047
Ns_Varchi,55,2.6483977116230184
Ns_Varchi,56,2.7134974325354375
Ns_Varchi,57,2.6076531665285647
Ns_Varchi,58,2.4054137777333087
Ns_Varchi,59,2.4623304327842326
Ns_Varchi,60,2.534745291005163
Ns_Varchi,61,2.6680139223550197
Ns_Varchi,62,2.3279781896874554
Ns_Varchi,63,2.5528352640881797
Ns_Varchi,64,2.5169738633736536
Ns_Varchi,65,2.728014210376946
Ns_Varchi,66,2.6466371610653967
Ns_Varchi,67,2.568677448457382
Ns_Varchi,68,2.37798735874323
Ns_Varchi,69,2.4332287526699745
Ns_Varchi,70,2.3989488633153733
Ns_Varchi,71,2.510154812077851
Ns_Varchi,72,2.2914215141363186
Ns_Varchi,73,2.5090570293368715
Ns_Varchi,74,2.4853845438838857
Ns_Varchi,75,2.7538069864160826
Ns_Varchi,76,2.5344390401719825
Ns_Varchi,77,2.5773712369157677
Ns_Varchi,78,2.4606766515075815
Ns_Varchi,79,2.551276819320976
Ns_Varchi,80,2.6302488594614295
Ns_Varchi,81,2.4753417079201503
Ns_Varchi,82,2.589946143187955
Ns_Varchi,83,2.5665376010720125
Ns_Varchi,84,2.48841635809703
Ns_Varchi,85,2.5493038195577755
Ns_Varchi,86,2.6000383814779253
Ns_Varchi,87,2.622015965969824
Ns_Varchi,88,2.500396119937514
Ns_Varchi,89,2.7228807095303527
Ns_Varchi,90,2.490176065508542
Ns_Varchi,91,2.465606501518469
Ns_Varchi,92,2.6203344809933857
Ns_Varchi,93,2.491086119891035
Ns_Varchi,94,2.8794531064046582
Ns_Varchi,95,2.553873709932915
Ns_Varchi,96,2.4413317729979984
Ts_Recupero,1,126.63089766836724
Ts_Recupero,2,125.20683363848511
Ts_Recupero,3,125.14102206431988
Ts_Recupero,4,124.83559123640605
Ts_Recupero,5,125.79253606812385
Ts_Recupero,6,123.8581553725563
Ts_Recupero,7,126.05826095889014
Ts_Recupero,8,123.84053876301202
Ts_Recupero,9,125.27056093335467
Ts_Recupero,10,125.34307306771397
Ts_Recupero,11,122.72894963938657
Ts_Recupero,12,125.13272881845985
Ts_Recupero,13,126.17391200483053
Ts_Recupero,14,123.40429620210573
Ts_Recupero,15,123.48236245360914
Ts_Recupero,16,126.97263477308165
Ts_Recupero,17,125.16563407144936
Ts_Recupero,18,126.44397924564358
Ts_Recupero,19,125.65744020020146
Ts_Recupero,20,125.6335926426328
Ts_Recupero,21,124.32809653077555
Ts_Recupero,22,126.14826636968822
Ts_Recupero,23,126.15761738189674
Ts_Recupero,24,125.64111091847458
Ts_Recupero,25,126.12941909678517
Ts_Recupero,26,125.11371687545837
Ts_Recupero,27,125.6862625354708
Ts_Recupero,28,125.0017893943415
Ts_Recupero,29,124.17369701734229
Ts_Recupero,30,126.70679772151288
Ts_Recupero,31,125.52360742547941
Ts_Recupero,32,124.64221886103273
Ts_Recupero,33,123.30245811380532
Ts_Recupero,34,126.76153770733896
Ts_Recupero,35,125.40889555943178
Ts_Recupero,36,126.1649889692469
Ts_Recupero,37,125.00911372091343
Ts_Recupero,38,128.24376389167602
Ts_Recupero,39,124.89649660893753
Ts_Recupero,40,125.93180894130234
Ts_Recupero,41,124.56574597851841
Ts_Recupero,42,125.46338865691585
Ts_Recupero,43,125.35201404544081
Ts_Recupero,44,125.48504244220331
Ts_Recupero,45,125.276205877363
Ts_Recupero,46,124.37101129830542
Ts_Recupero,47,125.73408975128044
Ts_Recupero,48,124.66590679204474
Ts_Recupero,49,127.16988070990742
Ts_Recupero,50,124.35081091692108
Ts_Recupero,51,124.61818817475562
Ts_Recupero,52,125.31923480958686
Ts_Recupero,53,123.9351821740403
Ts_Recupero,54,125.45446198716128
Ts_Recupero,55,126.51528064498972
Ts_Recupero,56,125.7300496730228
Ts_Recupero,57,125.47696694380073
Ts_Recupero,58,125.17604416536138
Ts_Recupero,59,123.87284652468257
Ts_Recupero,60,125.78696112178322
Ts_Recupero,61,126.65949770218673
Ts_Recupero,62,127.39611032627258
Ts_Recupero,63,126.45821408589556
Ts_Recupero,64,126.35645487920156
Ts_Recupero,65,125.92548540905162
Ts_Recupero,66,124.28418444571446
Ts_Recupero,67,126.48439365381857
Ts_Recupero,68,126.21547739420569
Ts_Recupero,69,125.36715263000353
Ts_Recupero,70,126.22542465173163
Ts_Recupero,71,125.57576285149337
Ts_Recupero,72,124.57224218997214
Ts_Recupero,73,126.40944829454453
Ts_Recupero,74,126.28708100922404
Ts_Recupero,75,126.27012028295269
Ts_Recupero,76,124.11269689539073
Ts_Recupero,77,123.61799899023511
Ts_Recupero,78,123.17513842936928
Ts_Recupero,79,124.46569216887971
Ts_Recupero,80,126.0667236795236
Ts_Recupero,81,124.56807613572994
Ts_Recupero,82,124.70504472820741
Ts_Recupero,83,124.90412247467579
Ts_Recupero,84,124.49009828162876
Ts_Recupero,85,124.50898623683585
Ts_Recupero,86,123.81301862808964
Ts_Recupero,87,127.36206242690785
Ts_Recupero,88,125.78091580993733
Ts_Recupero,89,124.99128200917244
Ts_Recupero,90,125.98096723174201
Ts_Recupero,91,125.5499128470732
Ts_Recupero,92,125.15928001003265
Ts_Recupero,93,125.76070840316146
Ts_Recupero,94,125.19080368512174
Ts_Recupero,95,124.91303665501646
Ts_Recupero,96,125.30905821457208
S_CheckIn,1,104.48036151172879
S_CheckIn,2,103.72774554785381
S_CheckIn,3,106.45399684392993
S_CheckIn,4,104.52451889480719
S_CheckIn,5,106.04649978002945
S_CheckIn,6,104.49827131765959
S_CheckIn,7,105.50411938174229
S_CheckIn,8,105.72980986962774
S_CheckIn,9,105.11929522299671
S_CheckIn,10,105.10996072644552
S_CheckIn,11,104.93198210339884
S_CheckIn,12,104.14287304372141
S_CheckIn,13,104.15535219165899
S_CheckIn,14,104.41558651310619
S_CheckIn,15,105.88600796053507
S_CheckIn,16,104.70016685037182
S_CheckIn,17,104.29557404475841
S_CheckIn,18,104.62800377546777
S_CheckIn,19,105.34830167453285
S_CheckIn,20,104.60155899256395
S_CheckIn,21,104.16078656692525
S_CheckIn,22,103.8663787564923
S_CheckIn,23,105.03400795678398
S_CheckIn,24,104.57018028045594
S_CheckIn,25,103.59647439353144
S_CheckIn,26,103.28171122128346
S_CheckIn,27,105.02441468907216
S_CheckIn,28,104.97573110290978
S_CheckIn,29,105.0538160999838
S_CheckIn,30,104.21404804190917
S_CheckIn,31,104.06190250377716
S_CheckIn,32,105.27993191029366
S_CheckIn,33,104.05799285244117
S_CheckIn,34,104.37123312088521
S_CheckIn,35,104.66665386428282
S_CheckIn,36,102.90441486614755
S_CheckIn,37,105.1466031064248
S_CheckIn,38,104.70457272061063
S_CheckIn,39,105.10475852562425
S_CheckIn,40,105.10960360020184
S_CheckIn,41,104.4279609087431
S_CheckIn,42,105.30429630313861
S_CheckIn,43,104.93573969326971
S_CheckIn,44,105.18591019514305
S_CheckIn,45,104.87039642238675
S_CheckIn,46,105.73305233800201
S_CheckIn,47,106.11537186419936
S_CheckIn,48,104.74181169388832
S_CheckIn,49,105.22900010929852
S_CheckIn,50,105.56554762343187
S_CheckIn,51,105.40124109339322
S_CheckIn,52,105.13539803504504
S_CheckIn,53,103.82659883535062
S_CheckIn,54,104.48412465708938
S_CheckIn,55,105.26332277218462
S_CheckIn,56,104.96074586222896
S_CheckIn,57,103.84496843870794
S_CheckIn,58,105.50520980089786
S_CheckIn,59,104.57732750857508
S_CheckIn,60,103.97826915864609
S_CheckIn,61,104.92246520331203
S_CheckIn,62,105.06634890649326
S_CheckIn,63,104.73512121820347
S_CheckIn,64,107.02989813777019
S_CheckIn,65,103.85217409234201
S_CheckIn,66,104.09658663907666
S_CheckIn,67,105.22998445931633
S_CheckIn,68,104.39303598502711
S_CheckIn,69,105.33971808301867
S_CheckIn,70,104.1687127285693
S_CheckIn,71,103.6493392769258
S_CheckIn,72,105.5538002617088
S_CheckIn,73,104.83624457365929
S_CheckIn,74,105.1828911183402
S_CheckIn,75,105.4131615354589
S_CheckIn,76,104.4737165158675
S_CheckIn,77,104.34178960748767
S_CheckIn,78,104.11339700540756
S_CheckIn,79,104.88462496329794
S_CheckIn,80,106.58603895118641
S_CheckIn,81,104.52128511637027
S_CheckIn,82,103.77420713387805
S_CheckIn,83,104.28078031443637
S_CheckIn,84,105.80149245769265
S_CheckIn,85,104.98291321451866
S_CheckIn,86,105.20723824824952
S_CheckIn,87,104.54035034504443
S_CheckIn,88,104.81888315237615
S_CheckIn,89,104.2749122753707
S_CheckIn,90,105.38973938625487
S_CheckIn,91,104.27048370851811
S_CheckIn,92,103.42422644143053
S_CheckIn,93,103.69309575926832
S_CheckIn,94,104.6419375942024
S_CheckIn,95,103.92513534537801
S_CheckIn,96,105.37937081481516
Ns_CheckIn,1,5.6372095195137994
Ns_CheckIn,2,5.562298668133282
Ns_CheckIn,3,6.05729437383051
Ns_CheckIn,4,5.718030024384213
Ns_CheckIn,5,5.779775011769953
Ns_CheckIn,6,5.565328762234864
Ns_CheckIn,7,5.9724426833969035
Ns_CheckIn,8,5.86470738593181
Ns_CheckIn,9,5.822725600051811
Ns_CheckIn,10,5.479935983012993
Ns_CheckIn,11,6.0617278514404
Ns_CheckIn,12,5.796887450459942
Ns_CheckIn,13,5.6547247385775705
Ns_CheckIn,14,5.70206127876745
Ns_CheckIn,15,5.967587158676619
Ns_CheckIn,16,5.740249794257174
Ns_CheckIn,17,5.75999039618588
Ns_CheckIn,18,5.89616847093854
Ns_CheckIn,19,6.228921639644543
Ns_CheckIn,20,5.858479287322263
Ns_CheckIn,21,5.947938674134292
Ns_CheckIn,22,5.95346757489049
Ns_CheckIn,23,5.662205758311101
Ns_CheckIn,24,5.594110416229062
Ns_CheckIn,25,5.84086584301795
Ns_CheckIn,26,6.125087592557594
Ns_CheckIn,27,5.275606464713062
Ns_CheckIn,28,5.58012536253852
Ns_CheckIn,29,5.5116504237147135
Ns_CheckIn,30,5.854517320770879
Ns_CheckIn,31,5.577755764601212
Ns_CheckIn,32,5.619184844201562
Ns_CheckIn,33,5.577211685621783
Ns_CheckIn,34,5.777571980069075
Ns_CheckIn,35,5.486762764458085
Ns_CheckIn,36,5.602442131763776
Ns_CheckIn,37,5.906217968981629
Ns_CheckIn,38,5.758654527018522
Ns_CheckIn,39,5.898963620781637
Ns_CheckIn,40,5.910332011609981
Ns_CheckIn,41,5.731710136403925
Ns_CheckIn,42,6.281263041601462
Ns_CheckIn,43,5.676895597245333
Ns_CheckIn,44,6.187690725444108
Ns_CheckIn,45,5.256037178016704
Ns_CheckIn,46,5.763763081706373
Ns_CheckIn,47,5.625195816083337
Ns_CheckIn,48,5.524829998627198
Ns_CheckIn,49,5.641746847856136
Ns_CheckIn,50,5.8032218005544784
Ns_CheckIn,51,5.525214294371219
Ns_CheckIn,52,5.547187067054285
Ns_CheckIn,53,5.771555065588897
Ns_CheckIn,54,5.741224764629229
Ns_CheckIn,55,6.279763675239164
Ns_CheckIn,56,5.95391036559247
Ns_CheckIn,57,5.729384668601712
Ns_CheckIn,58,5.828712912216647
Ns_CheckIn,59,6.049984091660222
Ns_CheckIn,60,6.002379224285849
Ns_CheckIn,61,5.67520101325983
Ns_CheckIn,62,5.9239918185449545
Ns_CheckIn,63,5.673743932928573
Ns_CheckIn,64,5.813014558885204
Ns_CheckIn,65,5.540616303442038
Ns_CheckIn,66,5.689964770828281
Ns_CheckIn,67,5.550257325304651
Ns_CheckIn,68,5.758374608476389
Ns_CheckIn,69,5.915024882189044
Ns_CheckIn,70,5.6005021664011245
Ns_CheckIn,71,5.401879395241224
Ns_CheckIn,72,5.91252563509937
Ns_CheckIn,73,5.549222706969802
Ns_CheckIn,74,6.364307643786627
Ns_CheckIn,75,5.787690251955159
Ns_CheckIn,76,5.506154792365273
Ns_CheckIn,77,5.8941549326756615
Ns_CheckIn,78,5.889815314328446
Ns_CheckIn,79,5.837619020017468
Ns_CheckIn,80,6.1617752411579945
Ns_CheckIn,81,5.398835344079079
Ns_CheckIn,82,5.930997982155935
Ns_CheckIn,83,5.510848710571749
Ns_CheckIn,84,5.860078284738952
Ns_CheckIn,85,5.493625561007442
Ns_CheckIn,86,5.969249278536148
Ns_CheckIn,87,5.691856884730482
Ns_CheckIn,88,6.108029126609638
Ns_CheckIn,89,5.987908594236213
Ns_CheckIn,90,5.58619114803288
Ns_CheckIn,91,5.4899574796972805
Ns_CheckIn,92,5.60866519389889
Ns_CheckIn,93,6.222381740375288
Ns_CheckIn,94,5.7460642902016
Ns_CheckIn,95,5.9514030094299715
Ns_CheckIn,96,5.581885992520899
X_XRay,1,6.0
X_XRay,2,6.0
X_XRay,3,6.0
X_XRay,4,6.0
X_XRay,5,6.0
X_XRay,6,6.0
X_XRay,7,6.0
X_XRay,8,6.0
X_XRay,9,6.0
X_XRay,10,6.0
X_XRay,11,6.0
X_XRay,12,6.0
X_XRay,13,6.0
X_XRay,14,6.0
X_XRay,15,6.0
X_XRay,16,6.0
X_XRay,17,6.0
X_XRay,18,6.0
X_XRay,19,6.0
X_XRay,20,6.0
X_XRay,21,6.0
X_XRay,22,6.0
X_XRay,23,6.0
X_XRay,24,6.0
X_XRay,25,6.0
X_XRay,26,6.0
X_XRay,27,6.0
X_XRay,28,6.0
X_XRay,29,6.0
X_XRay,30,6.0
X_XRay,31,6.0
X_XRay,32,6.0
X_XRay,33,6.0
X_XRay,34,6.0
X_XRay,35,6.0
X_XRay,36,6.0
X_XRay,37,6.0
X_XRay,38,6.0
X_XRay,39,6.0
X_XRay,40,6.0
X_XRay,41,6.0
X_XRay,42,6.0
X_XRay,43,6.0
X_XRay,44,6.0
X_XRay,45,6.0
X_XRay,46,6.0
X_XRay,47,6.0
X_XRay,48,6.0
X_XRay,49,6.0
X_XRay,50,6.0
X_XRay,51,6.0
X_XRay,52,6.0
X_XRay,53,6.0
X_XRay,54,6.0
X_XRay,55,6.0
X_XRay,56,6.0
X_XRay,57,6.0
X_XRay,58,6.0
X_XRay,59,6.0
X_XRay,60,6.0
X_XRay,61,6.0
X_XRay,62,6.0
X_XRay,63,6.0
X_XRay,64,6.0
X_XRay,65,6.0
X_XRay,66,6.0
X_XRay,67,6.0
X_XRay,68,6.0
X_XRay,69,6.0
X_XRay,70,6.0
X_XRay,71,6.0
X_XRay,72,6.0
X_XRay,73,6.0
X_XRay,74,6.0
X_XRay,75,6.0
X_XRay,76,6.0
X_XRay,77,6.0
X_XRay,78,6.0
X_XRay,79,6.0
X_XRay,80,6.0
X_XRay,81,6.0
X_XRay,82,6.0
X_XRay,83,6.0
X_XRay,84,6.0
X_XRay,85,6.0
X_XRay,86,6.0
X_XRay,87,6.0
X_XRay,88,6.0
X_XRay,89,6.0
X_XRay,90,6.0
X_XRay,91,6.0
X_XRay,92,6.0
X_XRay,93,6.0
X_XRay,94,6.0
X_XRay,95,6.0
X_XRay,96,6.0
Nq_TraceDetection,1,1.433563432175063
Nq_TraceDetection,2,0.9901034532479203
Nq_TraceDetection,3,1.4608808975785033
Nq_TraceDetection,4,1.32605694700154
Nq_TraceDetection,5,1.169576990408176
Nq_TraceDetection,6,1.5946694394975398
Nq_TraceDetection,7,1.7246409531026305
Nq_TraceDetection,8,1.4921327403989755
Nq_TraceDetection,9,1.0011638642451646
Nq_TraceDetection,10,1.112478157311195
Nq_TraceDetection,11,2.1675965690526833
Nq_TraceDetection,12,1.0124139465267532
Nq_TraceDetection,13,1.4244699981593782
Nq_TraceDetection,14,1.3156624674696755
Nq_TraceDetection,15,1.2892808331305365
Nq_TraceDetection,16,1.5638822921255155
Nq_TraceDetection,17,1.903995488595724
Nq_TraceDetection,18,1.0875004510465718
Nq_TraceDetection,19,1.906320936773731
Nq_TraceDetection,20,1.6876951540616212
Nq_TraceDetection,21,1.3060870183129267
Nq_TraceDetection,22,1.1726258938751348
Nq_TraceDetection,23,1.4938041620597218
Nq_TraceDetection,24,1.0151506211267882
Nq_TraceDetection,25,1.1325697899911724
Nq_TraceDetection,26,1.1995416374563876
Nq_TraceDetection,27,1.2273555600558852
Nq_TraceDetection,28,1.106239053719417
Nq_TraceDetection,29,1.4402602594389025
Nq_TraceDetection,30,1.318981245857594
Nq_TraceDetection,31,1.5679506385846573
Nq_TraceDetection,32,0.8257602535877477
Nq_TraceDetection,33,1.6238950750301857
Nq_TraceDetection,34,1.1420968096066493
Nq_TraceDetection,35,1.2342531979151343
Nq_TraceDetection,36,0.9408624655345041
Nq_TraceDetection,37,1.0884431002486192
Nq_TraceDetection,38,1.2979186684699644
Nq_TraceDetection,39,1.2638506773825282
Nq_TraceDetection,40,1.0388970994123505
Nq_TraceDetection,41,1.9930852723114914
Nq_TraceDetection,42,1.1839656621522814
Nq_TraceDetection,43,1.3022352710433267
Nq_TraceDetection,44,2.265242582920904
Nq_TraceDetection,45,1.5454208060085068
Nq_TraceDetection,46,1.0937341120498305
Nq_TraceDetection,47,1.9137200344344412
Nq_TraceDetection,48,2.397788156323137
Nq_TraceDetection,49,1.2678626186876067
Nq_TraceDetection,50,1.4548658168864659
Nq_TraceDetection,51,1.7508511668284175
Nq_TraceDetection,52,1.3026550579789935
Nq_TraceDetection,53,0.777732417339465
Nq_TraceDetection,54,1.5962025173861727
Nq_TraceDetection,55,1.2905490575421694
Nq_TraceDetection,56,1.3649694335946834
Nq_TraceDetection,57,1.206360432569236
Nq_TraceDetection,58,1.3123556340033853
Nq_TraceDetection,59,1.2202573553851939
Nq_TraceDetection,60,2.207638081821594
Nq_TraceDetection,61,1.29636126113232
Nq_TraceDetection,62,1.1079931786308919
Nq_TraceDetection,63,1.2371369172115425
Nq_TraceDetection,64,2.0959970819120697
Nq_TraceDetection,65,1.1674873526290404
Nq_TraceDetection,66,0.9951762244664394
Nq_TraceDetection,67,1.150181566906287
Nq_TraceDetection,68,1.4853113474706947
Nq_TraceDetection,69,1.1851969431328708
Nq_TraceDetection,70,1.0834060930633014
Nq_TraceDetection,71,1.0459600049558138
Nq_TraceDetection,72,1.693598983078082
Nq_TraceDetection,73,1.6335696338034
Nq_TraceDetection,74,1.0512020703273308
Nq_TraceDetection,75,0.9517706335215118
Nq_TraceDetection,76,0.948388190669044
Nq_TraceDetection,77,1.439256163142546
Nq_TraceDetection,78,1.524907341379074
Nq_TraceDetection,79,1.9090210041342868
Nq_TraceDetection,80,1.3779620030338398
Nq_TraceDetection,81,1.4638445285616506
Nq_TraceDetection,82,1.3819586254855796
Nq_TraceDetection,83,1.2000870822167093
Nq_TraceDetection,84,1.3225051190854005
Nq_TraceDetection,85,1.59343036796566
Nq_TraceDetection,86,1.2225531493181776
Nq_TraceDetection,87,1.5204855346057766
Nq_TraceDetection,88,1.0592031529774808
Nq_TraceDetection,89,1.8446761021269888
Nq_TraceDetection,90,1.035343157874023
Nq_TraceDetection,91,0.8590379913282704
Nq_TraceDetection,92,1.1415107415189676
Nq_TraceDetection,93,1.5342906023700613
Nq_TraceDetection,94,1.4424631133802641
Nq_TraceDetection,95,0.9148035277169774
Nq_TraceDetection,96,1.224272225852011
Tq_Recupero,1,0.0
Tq_Recupero,2,0.0
Tq_Recupero,3,0.0
Tq_Recupero,4,0.0
Tq_Recupero,5,0.0
Tq_Recupero,6,0.0
Tq_Recupero,7,0.0
Tq_Recupero,8,0.0
Tq_Recupero,9,0.0
Tq_Recupero,10,0.0
Tq_Recupero,11,0.0
Tq_Recupero,12,0.0
Tq_Recupero,13,0.0
Tq_Recupero,14,0.0
Tq_Recupero,15,0.0
Tq_Recupero,16,0.0
Tq_Recupero,17,0.0
Tq_Recupero,18,0.0
Tq_Recupero,19,0.0
Tq_Recupero,20,0.0
Tq_Recupero,21,0.0
Tq_Recupero,22,0.0
Tq_Recupero,23,0.0
Tq_Recupero,24,0.0
Tq_Recupero,25,0.0
Tq_Recupero,26,0.0
Tq_Recupero,27,0.0
Tq_Recupero,28,0.0
Tq_Recupero,29,0.0
Tq_Recupero,30,0.0
Tq_Recupero,31,0.0
Tq_Recupero,32,0.0
Tq_Recupero,33,0.0
Tq_Recupero,34,0.0
Tq_Recupero,35,0.0
Tq_Recupero,36,0.0
Tq_Recupero,37,0.0
Tq_Recupero,38,0.0
Tq_Recupero,39,0.0
Tq_Recupero,40,0.0
Tq_Recupero,41,0.0
Tq_Recupero,42,0.0
Tq_Recupero,43,0.0
Tq_Recupero,44,0.0
Tq_Recupero,45,0.0
Tq_Recupero,46,0.0
Tq_Recupero,47,0.0
Tq_Recupero,48,0.0
Tq_Recupero,49,0.0
Tq_Recupero,50,0.0
Tq_Recupero,51,0.0
Tq_Recupero,52,0.0
Tq_Recupero,53,0.0
Tq_Recupero,54,0.0
Tq_Recupero,55,0.0
Tq_Recupero,56,0.0
Tq_Recupero,57,0.0
Tq_Recupero,58,0.0
Tq_Recupero,59,0.0
Tq_Recupero,60,0.0
Tq_Recupero,61,0.0
Tq_Recupero,62,0.0
Tq_Recupero,63,0.0
Tq_Recupero,64,0.0
Tq_Recupero,65,0.0
Tq_Recupero,66,0.0
Tq_Recupero,67,0.0
Tq_Recupero,68,0.0
Tq_Recupero,69,0.0
Tq_Recupero,70,0.0
Tq_Recupero,71,0.0
Tq_Recupero,72,0.0
Tq_Recupero,73,0.0
Tq_Recupero,74,0.0
Tq_Recupero,75,0.0
Tq_Recupero,76,0.0
Tq_Recupero,77,0.0
Tq_Recupero,78,0.0
Tq_Recupero,79,0.0
Tq_Recupero,80,0.0
Tq_Recupero,81,0.0
Tq_Recupero,82,0.0
Tq_Recupero,83,0.0
Tq_Recupero,84,0.0
Tq_Recupero,85,0.0
Tq_Recupero,86,0.0
Tq_Recupero,87,0.0
Tq_Recupero,88,0.0
Tq_Recupero,89,0.0
Tq_Recupero,90,0.0
Tq_Recupero,91,0.0
Tq_Recupero,92,0.0
Tq_Recupero,93,0.0
Tq_Recupero,94,0.0
Tq_Recupero,95,0.0
Tq_Recupero,96,0.0
Tq_TraceDetection,1,115.13361435604804
Tq_TraceDetection,2,82.46492833870313
Tq_TraceDetection,3,113.38594127620955
Tq_TraceDetection,4,102.86811960531988
Tq_TraceDetection,5,93.32131169578744
Tq_TraceDetection,6,117.03878008676273
Tq_TraceDetection,7,138.71868509097064
Tq_TraceDetection,8,119.26123889470612
Tq_TraceDetection,9,81.6192039504187
Tq_TraceDetection,10,93.04350912406571
Tq_TraceDetection,11,163.7737860576587
Tq_TraceDetection,12,81.79887647747701
Tq_TraceDetection,13,109.79641565315994
Tq_TraceDetection,14,103.13474007159476
Tq_TraceDetection,15,103.4524758535461
Tq_TraceDetection,16,122.53874873844993
Tq_TraceDetection,17,144.75502716834802
Tq_TraceDetection,18,85.4964121725712
Tq_TraceDetection,19,145.75971009137984
Tq_TraceDetection,20,130.3421833500943
Tq_TraceDetection,21,101.46839623016896
Tq_TraceDetection,22,94.41380491924765
Tq_TraceDetection,23,114.00098693993188
Tq_TraceDetection,24,83.52988873442347
Tq_TraceDetection,25,92.30637012528152
Tq_TraceDetection,26,98.28807895444722
Tq_TraceDetection,27,97.27266945666979
Tq_TraceDetection,28,89.91497338762791
Tq_TraceDetection,29,115.8152894229529
Tq_TraceDetection,30,106.84304804661855
Tq_TraceDetection,31,118.62564375832746
Tq_TraceDetection,32,67.8953818628931
Tq_TraceDetection,33,130.22310905481595
Tq_TraceDetection,34,89.84875103979138
Tq_TraceDetection,35,96.8434406508269
Tq_TraceDetection,36,77.46429854322707
Tq_TraceDetection,37,87.32023783583685
Tq_TraceDetection,38,100.40887232425028
Tq_TraceDetection,39,99.16307164525519
Tq_TraceDetection,40,81.67015089643472
Tq_TraceDetection,41,148.3567939585312
Tq_TraceDetection,42,90.84903413079317
Tq_TraceDetection,43,103.57292703731305
Tq_TraceDetection,44,173.97260071720487
Tq_TraceDetection,45,122.50370337450187
Tq_TraceDetection,46,88.30486556265926
Tq_TraceDetection,47,144.90242734365683
Tq_TraceDetection,48,180.4872600786073
Tq_TraceDetection,49,98.39791974040628
Tq_TraceDetection,50,113.8128102621236
Tq_TraceDetection,51,132.40618268919556
Tq_TraceDetection,52,100.74535262189909
Tq_TraceDetection,53,66.57459782684498
Tq_TraceDetection,54,123.13732858038749
Tq_TraceDetection,55,102.34387515796159
Tq_TraceDetection,56,104.99747553513886
Tq_TraceDetection,57,95.54475245763012
Tq_TraceDetection,58,100.69390226402493
Tq_TraceDetection,59,99.75421137813807
Tq_TraceDetection,60,165.61865653317525
Tq_TraceDetection,61,105.93698998473033
Tq_TraceDetection,62,88.50139601716202
Tq_TraceDetection,63,95.6624957002044
Tq_TraceDetection,64,161.3286042134295
Tq_TraceDetection,65,94.1269356633295
Tq_TraceDetection,66,80.58624768043886
Tq_TraceDetection,67,92.29135801760066
Tq_TraceDetection,68,116.46401522074378
Tq_TraceDetection,69,92.21814591393081
Tq_TraceDetection,70,85.5006585336868
Tq_TraceDetection,71,83.85165328578506
Tq_TraceDetection,72,125.55292052875049
Tq_TraceDetection,73,126.5910269160867
Tq_TraceDetection,74,84.93017161668588
Tq_TraceDetection,75,78.03261077250096
Tq_TraceDetection,76,76.57378596334839
Tq_TraceDetection,77,113.14232549250592
Tq_TraceDetection,78,116.47832606336947
Tq_TraceDetection,79,149.89917604368594
Tq_TraceDetection,80,109.73385672633002
Tq_TraceDetection,81,113.43322032228353
Tq_TraceDetection,82,106.30405028655659
Tq_TraceDetection,83,96.01278660979588
Tq_TraceDetection,84,106.13648981035307
Tq_TraceDetection,85,129.59903839280983
Tq_TraceDetection,86,94.43116262870478
Tq_TraceDetection,87,114.7847753777712
Tq_TraceDetection,88,84.66676881200185
Tq_TraceDetection,89,140.98180034683708
Tq_TraceDetection,90,82.81178507793229
Tq_TraceDetection,91,69.9676936363034
Tq_TraceDetection,92,89.96795033859262
Tq_TraceDetection,93,120.58955851514065
Tq_TraceDetection,94,110.46789273285928
Tq_TraceDetection,95,76.1088999761372
Tq_TraceDetection,96,96.41967374198484
Ts_XRay,1,4212.060310489358
Ts_XRay,2,4747.938115160599
Ts_XRay,3,5269.683212428173
Ts_XRay,4,5544.044249004952
Ts_XRay,5,5711.857142808204
Ts_XRay,6,6161.528201959532
Ts_XRay,7,6952.3705126431305
Ts_XRay,8,7291.046678154588
Ts_XRay,9,7607.833632771153
Ts_XRay,10,7976.383357794357
Ts_XRay,11,8780.769339913808
Ts_XRay,12,9399.026050559494
Ts_XRay,13,9915.252730566994
Ts_XRay,14,10438.822814922998
Ts_XRay,15,11153.851630553123
Ts_XRay,16,11422.88344197428
Ts_XRay,17,12077.702606767896
Ts_XRay,18,12692.751693672599
Ts_XRay,19,13180.884639045564
Ts_XRay,20,13657.36903817029
Ts_XRay,21,13888.715981725543
Ts_XRay,22,14385.459050077452
Ts_XRay,23,15100.69867971554
Ts_XRay,24,15625.27232412606
Ts_XRay,25,15903.07653575117
Ts_XRay,26,16160.961556168231
Ts_XRay,27,16743.825722376787
Ts_XRay,28,17680.23018200359
Ts_XRay,29,18580.157248204123
Ts_XRay,30,19144.360875624854
Ts_XRay,31,19571.559680111608
Ts_XRay,32,20251.271220758023
Ts_XRay,33,20598.480683248705
Ts_XRay,34,21252.323331571704
Ts_XRay,35,21980.68873944042
Ts_XRay,36,22485.883386023106
Ts_XRay,37,22929.358111683916
Ts_XRay,38,23623.887733959873
Ts_XRay,39,24312.63053512446
Ts_XRay,40,25269.550157310703
Ts_XRay,41,25939.288373448257
Ts_XRay,42,26135.750716664355
Ts_XRay,43,26748.886242616947
Ts_XRay,44,27479.897722547652
Ts_XRay,45,28299.8922231782
Ts_XRay,46,29141.5753795543
Ts_XRay,47,29922.228419113017
Ts_XRay,48,30755.692227644387
Ts_XRay,49,31908.45587285652
Ts_XRay,50,32464.792972420782
Ts_XRay,51,32964.653653967536
Ts_XRay,52,33442.43956203112
Ts_XRay,53,33933.41797102211
Ts_XRay,54,34326.04908798535
Ts_XRay,55,34971.34317728774
Ts_XRay,56,35798.81654349904
Ts_XRay,57,36674.00937534862
Ts_XRay,58,37308.768669976685
Ts_XRay,59,37598.62415146258
Ts_XRay,60,37946.1502105205
Ts_XRay,61,38547.0586988275
Ts_XRay,62,39258.156125982445
Ts_XRay,63,39447.220401841114
Ts_XRay,64,39902.087207230135
Ts_XRay,65,40422.25973292237
Ts_XRay,66,41416.44233461879
Ts_XRay,67,42149.10266128806
Ts_XRay,68,42585.89586626914
Ts_XRay,69,42832.19266912533
Ts_XRay,70,43084.295313950846
Ts_XRay,71,43465.81965762425
Ts_XRay,72,43901.68236081088
Ts_XRay,73,44092.082389385454
Ts_XRay,74,44295.25648598296
Ts_XRay,75,44742.56223324329
Ts_XRay,76,45582.969206393325
Ts_XRay,77,45980.758101270796
Ts_XRay,78,46609.27985383843
Ts_XRay,79,47020.68468751943
Ts_XRay,80,47550.88935744711
Ts_XRay,81,48100.496464951604
Ts_XRay,82,48509.97648110527
Ts_XRay,83,49205.43608594471
Ts_XRay,84,49810.9542145966
Ts_XRay,85,50018.10512695128
Ts_XRay,86,50453.773512590364
Ts_XRay,87,51282.63592251027
Ts_XRay,88,52034.404818702555
Ts_XRay,89,52754.92090644882
Ts_XRay,90,53569.08432219938
Ts_XRay,91,54120.94335441354
Ts_XRay,92,54707.90795621221
Ts_XRay,93,55256.81424027723
Ts_XRay,94,55871.07231143664
Ts_XRay,95,56889.862666281246
Ts_XRay,96,57502.75337238224
